Licensee,Total Sales,Adult-Use Sales,Medical Sales,Address,City,State,Zip,Month,Year,Standardized DBA
"CHADCOR HOLDINGS NM, LLC","$1,282,170.50","$1,234,842.56","$47,327.94",1615 Appaloosa Dr,Sunland Park,NM,88063,January,2025,Dark Matter
FIELDS OF DREAMS - SUNLAND PARK RETAIL,"$1,073,288.53","$1,068,040.26","$5,248.27",159 Sunland Park Dr,Sunland Park,NM,88063,January,2025,Field of Dreams
BLUE WHALE SUNLAND - APPALOOSA ST RETAIL,"$716,126.10","$677,203.65","$38,922.45",1500 Appaloosa St Suite B,Sunland Park,NM,88063,January,2025,Cookies
SUNLAND MCNUTT GROUP LLC- MCNUTT RD RETAIL,"$478,791.89","$458,407.71","$20,384.17",1051 McNutt Rd,Sunland Park,NM,88063,January,2025,Mango Cannabis
"GREEN THERAPY DISPENSARY, LLC","$333,453.60","$312,325.55","$21,128.05","460 County Line Drive, Space F",Chaparral,NM,88081,January,2025,Green Therapy
ASTRO BUDS LLC - MCCOMBS RD RETAIL,"$208,438.24","$194,891.13","$13,547.11",308 McCombs Rd Spc 2,Chaparral,NM,88081,January,2025,Astro Buds Dispensary
STATELINE CANNABIS NM LLC - ARCH ANGEL WAY RETAILER/CONSUMPTION,"$191,003.93","$188,511.94","$2,491.99",100 Arch Angel Way,Chaparral,NM,88081,January,2025,High Valley Cannabis
PECOS VALLEY PRODUCTION INC - APPALOOSA DR RETAIL,"$184,318.51","$177,696.01","$6,622.50",1925 Appaloosa Dr,Sunland Park,NM,88063,January,2025,Pecos Valley Production
"R GREENLEAF ORGANICS INC/ RETAIL APPALOOSA UNIT 1,2","$154,446.92","$146,646.92","$7,800.00","1541 Appaloosas Unit 1, 2, Crossing Offices",Sunland Park,NM,88063,January,2025,R Greenleaf
"NEBRO, LLC","$134,707.41","$128,241.49","$6,465.92",1999 Futurity Drive Unit A,Sunland Park,NM,88063,January,2025,Elevation 3789
PROHIBITION 37 - MCNUTT RD RETAIL,"$127,265.83","$113,906.38","$13,359.46",871 McNutt Rd,Sunland Park,NM,88063,January,2025,Prohibition 37
OLD GODS CANNABIS INC/ RETAIL APPALOOSA UNIT7,"$118,386.02","$115,481.02","$2,905.00",1541 Appaloosa Unit 7,Sunland Park,NM,88063,January,2025,Old Gods
ANIMACANN INC - APPALOOSA DR RETAIL,"$101,226.07","$98,868.08","$2,357.99",1500 Appaloosa Dr Bldg A Ste 140,Sunland Park,NM,88063,January,2025,Urban Wellness
EVEREST APOTHECARY,"$94,680.70","$91,586.25","$3,094.45",1580 Appaloosa Dr Ste 320,Sunland Park,NM,88063,January,2025,Everest
"RMC NM, INC - ANTHONY RETAIL","$91,870.51","$81,779.11","$10,091.40",138 Anthony Dr,Anthony,NM,88021,January,2025,Rocky Mountain Cannabis
BESOS LLC/ RETAIL FUTURITY DR,"$76,313.57","$74,077.71","$2,235.86",1805 Futurity Dr,Sunland Park,NM,88063,January,2025,Besos
"ROUND HOUSE RESERVE, LLC - MCNUTT DR RETAIL","$71,418.89","$66,057.71","$5,361.18",1165 McNutt Dr Unit C5,Sunland Park,NM,88063,January,2025,Round House Reserve
MEDD LLC - PALOMA BLANCA RETAIL,"$66,705.80","$62,882.92","$3,822.88",170 McCombs,Chaparral,NM,88081,January,2025,Pure Medd
NEW MEXICO TOP ORGANICS ULTRA HEALTH INC  SUNLAND PARK RETAIL,"$56,839.86","$47,003.25","$9,836.61",1155 McNutt Road,Sunland Park,NM,88063,January,2025,Ultra Health
SCORE 420 - MCNUTT RETAIL,"$54,800.35","$50,215.49","$4,584.86",2355 McNutt Road,Sunland Park,NM,88063,January,2025,Score 420
TOP OF THE 8TH LLC - RETAIL,"$54,692.68","$45,339.43","$9,353.25",1275 Anthony Dr Ste C7,Anthony,NM,88021,January,2025,Top of the Eighth
HI LIFE DISPENSARY LLC - MCNUTT RD - RETAIL,"$54,304.53","$50,434.31","$3,870.22",5620 McNutt Rd,Santa Teresa,NM,88008,January,2025,Hi Life
HHNM CHAPARRAL 1 COMPANY- S. COUNTY LINE RETAIL,"$50,139.22","$43,901.37","$6,237.85",545 S. County Line,Chaparral,NM,88081,January,2025,High Horse
HOUSE OF FLOWERS ON THE BORDER LLC - RETAIL,"$47,039.93","$44,865.03","$2,174.90",1042 State Line,Chaparral,NM,88081,January,2025,House of Flowers
TEN 10 PROJECT LLC- APPOLOOSA DR RETAIL,"$42,171.44","$41,984.78",$186.66,1925 Appoloosa Dr,Sunland Park,NM,88063,January,2025,TenTen
FLORA VERDE LLC - MAGUEY CT RETAIL,"$40,545.98","$38,457.81","$2,088.17",100 Maguey Ct,Sunland Park,NM,88063,January,2025,Nubes
DISPENSARY NEAR ME SUNLAND PARK LLC- MCNUTT RETAIL,"$38,702.00","$36,464.00","$2,238.00",1290 McNutt Rd,Sunland Park,NM,88063,January,2025,Dispensary Near Me
FRESHIES LLC/ RETAIL MCNUTT RD,"$36,666.62","$31,873.98","$4,792.64",5325 McNutt Rd,Santa Teresa,NM,88008,January,2025,Public Affair
GANJIKA GARDENS LLC/ RETAIL RILEY WAY,"$34,972.26","$33,136.58","$1,835.68",1245 Riley Way,Chaparral,NM,88081,January,2025,Ganjika Gardens
OBI WAN CANNABIS LLC,"$34,634.14","$33,432.04","$1,202.10",2167 McNutt Rd suite A,Sunland Park,NM,88063,January,2025,Obi Wan Cannabis
GARDEN OF DREAMS CANNABIS LLC,"$28,933.56","$27,033.93","$1,899.63",5300 Mcnutt Rd,Santa Teresa,NM,88008,January,2025,Garden of Dreams
NUVES LLC - RANCH ROAD RETAIL,"$27,323.53","$26,819.34",$504.19,101 Maguey Suite 4,Sunland Park,NM,88063,January,2025,Greens
RH AND MC LLC - MILLER ST RETAIL,"$27,158.31","$22,534.72","$4,623.59",103 Miller St,Anthony,NM,88021,January,2025,Milla Cero
THE GREEN MATRIX - S HIGHWAY 28 RETAIL,"$24,967.55","$21,795.05","$3,172.50",3100 S Highway 28,Anthony,NM,88021,January,2025,Green Matrix
"KUSHOLOGY 101 LLC - OHARA RD, RETAIL","$24,523.39","$22,602.53","$1,920.86",1600 E OHara Rd,Anthony,NM,88021,January,2025,Kushology 101
J AND J LOAN COMPANY- MCNUTT RETAIL,"$23,531.46","$23,531.46",$0.00,1144 McNutt,Sunland Park,NM,88063,January,2025,Empire Garden
ST CANAPA LLC - MCNUTT RD RETAIL,"$23,218.02","$22,966.72",$251.30,5305 McNutt Rd,Santa Teresa,NM,88008,January,2025,St Canapa
SEVEN NINE GROW LLC - EL PASEO DR RETAIL,"$21,459.89","$18,986.83","$2,473.06",305 S County Line Rd,Chaparral,NM,88081,January,2025,UFORIA
NEWBERRY FARMS LLC - MCNUTT RD. RETAIL,"$17,686.09","$17,419.61",$266.48,1845 McNutt Rd,Sunland Park,NM,88063,January,2025,Sun City Grow Stand
CARDIEL BOTANICA LTD CO - MCNUTT RD RETAIL,"$17,490.83","$15,851.56","$1,639.27",1685 McNutt,Sunland Park,NM,88063,January,2025,Cardiel Cannabis
R R HEMPIRE LLC - ANGELINA BLVD RETAIL,"$13,646.84","$13,532.33",$114.51,101 Angelina Blvd,Chaparral,NM,88081,January,2025,Richy Rich
ERB HOLDINGS/ RETAIL OHARA ROAD,"$12,517.94","$11,309.96","$1,207.98",1400 E Ohara Road,Anthony,NM,88021,January,2025,Kushology 101
HHNM SUNLAND PARK 1 COMPANY- MCNUTT RD. STE. D RETAIL,"$12,318.22","$11,222.17","$1,096.05",1290 McNutt Rd. Ste. D,Sunland Park,NM,88063,January,2025,High Horse Sunland
GREENGO NM - ANTHONY DR RETAIL,"$9,300.83","$7,703.81","$1,597.02",816 Anthony Dr,Anthony,NM,88021,January,2025,GreenGo
GROTH INDUSTRIES LLC - SCHNEBERGER DR RETIAL,"$8,696.50","$7,452.30","$1,244.20",140 Schneberger Dr,Chaparral,NM,88081,January,2025,Groth
YERBAVIVA LLC/ RETAIL MCNUTT STE D,"$6,570.82","$6,302.54",$268.28,2327 McNutt Ste D,Sunland Park,NM,88063,January,2025,Yerba Viva
"GREEN LABS CANNABIS COMPANY, LLC- DERBY RD RETAIL","$4,337.33","$4,274.93",$62.40,245 Derby Rd,Sunland Park,NM,88063,January,2025,Green Labs
HOUSE OF FLOWERS NM LLC - MAGEE DR RETAIL,"$3,895.04","$3,838.77",$56.27,101 Magee Dr.,Chaparral,NM,88081,January,2025,Hosue of Flowers
SUNSHINE ESSENTIALS/ RETAIL MCNUTT,"$1,414.98","$1,199.43",$215.55,267 Anapra Rd,Sunland Park,NM,88063,January,2025,Sunshine Essentials
"CHADCOR HOLDINGS NM, LLC","$1,200,305.54","$1,152,292.87","$48,012.67",1615 Appaloosa Dr,Sunland Park,NM,88063,February,2025,Dark Matter
FIELDS OF DREAMS - SUNLAND PARK RETAIL,"$974,490.86","$969,002.25","$5,488.61",159 Sunland Park Dr,Sunland Park,NM,88063,February,2025,Field of Dreams
BLUE WHALE SUNLAND - APPALOOSA ST RETAIL,"$669,899.21","$623,813.17","$46,086.04",1500 Appaloosa St Suite B,Sunland Park,NM,88063,February,2025,Cookies
SUNLAND MCNUTT GROUP LLC- MCNUTT RD RETAIL,"$543,605.10","$522,791.84","$20,813.26",1051 McNutt Rd,Sunland Park,NM,88063,February,2025,Mango Cannabis
"GREEN THERAPY DISPENSARY, LLC","$323,506.08","$302,648.05","$20,858.03","460 County Line Drive, Space F",Chaparral,NM,88081,February,2025,Green Therapy
ASTRO BUDS LLC - MCCOMBS RD RETAIL,"$212,917.46","$197,902.31","$15,015.15",308 McCombs Rd Spc 2,Chaparral,NM,88081,February,2025,Astro Buds Dispensary
STATELINE CANNABIS NM LLC - ARCH ANGEL WAY RETAILER/CONSUMPTION,"$168,776.47","$166,919.33","$1,857.14",100 Arch Angel Way,Chaparral,NM,88081,February,2025,High Valley Cannabis
PECOS VALLEY PRODUCTION INC - APPALOOSA DR RETAIL,"$143,847.59","$136,774.59","$7,073.00",1925 Appaloosa Dr,Sunland Park,NM,88063,February,2025,Pecos Valley Production
"R GREENLEAF ORGANICS INC/ RETAIL APPALOOSA UNIT 1,2","$122,195.38","$115,974.59","$6,220.79","1541 Appaloosas Unit 1, 2, Crossing Offices",Sunland Park,NM,88063,February,2025,R Greenleaf
"NEBRO, LLC","$101,355.82","$96,559.56","$4,796.26",1999 Futurity Drive Unit A,Sunland Park,NM,88063,February,2025,Elevation 3789
OLD GODS CANNABIS INC/ RETAIL APPALOOSA UNIT7,"$96,530.20","$94,082.15","$2,448.05",1541 Appaloosa Unit 7,Sunland Park,NM,88063,February,2025,Old Gods
PROHIBITION 37 - MCNUTT RD RETAIL,"$91,725.75","$80,962.38","$10,763.37",871 McNutt Rd,Sunland Park,NM,88063,February,2025,Prohibition 37
"RMC NM, INC - ANTHONY RETAIL","$87,697.16","$75,285.00","$12,412.16",138 Anthony Dr,Anthony,NM,88021,February,2025,Rocky Mountain Cannabis
EVEREST APOTHECARY,"$79,095.07","$75,307.94","$3,787.13",1580 Appaloosa Dr Ste 320,Sunland Park,NM,88063,February,2025,Everest
ANIMACANN INC - APPALOOSA DR RETAIL,"$77,116.91","$75,063.55","$2,053.36",1500 Appaloosa Dr Bldg A Ste 140,Sunland Park,NM,88063,February,2025,Urban Wellness
BESOS LLC/ RETAIL FUTURITY DR,"$65,807.98","$64,391.98","$1,416.00",1805 Futurity Dr,Sunland Park,NM,88063,February,2025,Besos
MEDD LLC - PALOMA BLANCA RETAIL,"$60,283.75","$55,745.36","$4,538.39",170 McCombs,Chaparral,NM,88081,February,2025,Pure Medd
HOUSE OF FLOWERS ON THE BORDER LLC - RETAIL,"$54,427.02","$52,266.20","$2,160.82",1042 State Line,Chaparral,NM,88081,February,2025,House of Flowers
SCORE 420 - MCNUTT RETAIL,"$52,317.19","$48,044.95","$4,272.24",2355 McNutt Road,Sunland Park,NM,88063,February,2025,Score 420
NEW MEXICO TOP ORGANICS ULTRA HEALTH INC  SUNLAND PARK RETAIL,"$50,555.76","$41,934.30","$8,621.46",1155 McNutt Road,Sunland Park,NM,88063,February,2025,Ultra Health
"ROUND HOUSE RESERVE, LLC - MCNUTT DR RETAIL","$46,849.07","$40,766.01","$6,083.06",1165 McNutt Dr Unit C5,Sunland Park,NM,88063,February,2025,Round House Reserve
HHNM CHAPARRAL 1 COMPANY- S. COUNTY LINE RETAIL,"$43,065.37","$35,862.57","$7,202.80",545 S. County Line,Chaparral,NM,88081,February,2025,High Horse
HI LIFE DISPENSARY LLC - MCNUTT RD - RETAIL,"$40,197.46","$37,531.63","$2,665.83",5620 McNutt Rd,Santa Teresa,NM,88008,February,2025,Hi Life
DISPENSARY NEAR ME SUNLAND PARK LLC- MCNUTT RETAIL,"$36,615.93","$33,841.93","$2,774.00",1290 McNutt Rd,Sunland Park,NM,88063,February,2025,Dispensary Near Me
FLORA VERDE LLC - MAGUEY CT RETAIL,"$35,880.78","$33,843.22","$2,037.56",100 Maguey Ct,Sunland Park,NM,88063,February,2025,Nubes
OBI WAN CANNABIS LLC,"$32,243.53","$31,153.26","$1,090.27",2167 McNutt Rd suite A,Sunland Park,NM,88063,February,2025,Obi Wan Cannabis
FRESHIES LLC/ RETAIL MCNUTT RD,"$31,370.94","$26,840.59","$4,530.35",5325 McNutt Rd,Santa Teresa,NM,88008,February,2025,Public Affair
TEN 10 PROJECT LLC- APPOLOOSA DR RETAIL,"$31,112.95","$30,908.77",$204.18,1925 Appoloosa Dr,Sunland Park,NM,88063,February,2025,TenTen
TOP OF THE 8TH LLC - ANTHONY DRIVE RETAIL,"$30,653.96","$24,244.13","$6,409.83",401 Anthony Dr Ste B,Anthony,NM,88021,February,2025,Top of the Eighth
"KUSHOLOGY 101 LLC - OHARA RD, RETAIL","$29,550.40","$27,860.76","$1,689.64",1600 E OHara Rd,Anthony,NM,88021,February,2025,Kushology 101
GANJIKA GARDENS LLC/ RETAIL RILEY WAY,"$29,219.34","$27,614.94","$1,604.40",1245 Riley Way,Chaparral,NM,88081,February,2025,Ganjika Gardens
J AND J LOAN COMPANY- MCNUTT RETAIL,"$27,446.83","$27,446.83",$0.00,1144 McNutt,Sunland Park,NM,88063,February,2025,Empire Garden
GARDEN OF DREAMS CANNABIS LLC,"$27,087.41","$24,835.18","$2,252.23",5300 Mcnutt Rd,Santa Teresa,NM,88008,February,2025,Garden of Dreams
NUVES LLC - RANCH ROAD RETAIL,"$26,363.61","$25,703.05",$660.56,101 Maguey Suite 4,Sunland Park,NM,88063,February,2025,Greens
RH AND MC LLC - MILLER ST RETAIL,"$24,828.65","$20,828.86","$3,999.79",103 Miller St,Anthony,NM,88021,February,2025,Milla Cero
THE GREEN MATRIX - S HIGHWAY 28 RETAIL,"$23,078.66","$21,389.66","$1,689.00",3100 S Highway 28,Anthony,NM,88021,February,2025,Green Matrix
ST CANAPA LLC - MCNUTT RD RETAIL,"$21,005.40","$20,184.84",$820.56,5305 McNutt Rd,Santa Teresa,NM,88008,February,2025,St Canapa
"GREEN LABS CANNABIS COMPANY, LLC- DERBY RD RETAIL","$19,419.85","$19,352.27",$67.58,245 Derby Rd,Sunland Park,NM,88063,February,2025,Green Labs
SEVEN NINE GROW LLC - EL PASEO DR RETAIL,"$18,383.56","$16,792.64","$1,590.92",305 S County Line Rd,Chaparral,NM,88081,February,2025,UFORIA
TOP OF THE 8TH LLC - RETAIL,"$17,334.86","$13,643.11","$3,691.75",1275 Anthony Dr Ste C7,Anthony,NM,88021,February,2025,Top of the Eighth
NEWBERRY FARMS LLC - MCNUTT RD. RETAIL,"$14,767.14","$14,557.45",$209.69,1845 McNutt Rd,Sunland Park,NM,88063,February,2025,Sun City Grow Stand
CARDIEL BOTANICA LTD CO - MCNUTT RD RETAIL,"$10,684.35","$9,364.39","$1,319.96",1685 McNutt,Sunland Park,NM,88063,February,2025,Cardiel Cannabis
HHNM SUNLAND PARK 1 COMPANY- MCNUTT RD. STE. D RETAIL,"$10,313.80","$9,025.96","$1,287.84",1290 McNutt Rd. Ste. D,Sunland Park,NM,88063,February,2025,High Horse Sunland
ERB HOLDINGS/ RETAIL OHARA ROAD,"$10,224.50","$9,086.79","$1,137.71",1400 E Ohara Road,Anthony,NM,88021,February,2025,Kushology 101
R R HEMPIRE LLC - ANGELINA BLVD RETAIL,"$10,014.14","$9,703.34",$310.80,101 Angelina Blvd,Chaparral,NM,88081,February,2025,Richy Rich
GROTH INDUSTRIES LLC - SCHNEBERGER DR RETIAL,"$9,722.91","$7,954.44","$1,768.47",140 Schneberger Dr,Chaparral,NM,88081,February,2025,Groth
GREENGO NM - ANTHONY DR RETAIL,"$9,354.94","$6,906.83","$2,448.11",816 Anthony Dr,Anthony,NM,88021,February,2025,GreenGo
YERBAVIVA LLC/ RETAIL MCNUTT STE D,"$6,029.60","$5,695.52",$334.08,2327 McNutt Ste D,Sunland Park,NM,88063,February,2025,Yerba Viva
SUNSHINE ESSENTIALS/ RETAIL MCNUTT,"$1,300.05","$1,270.48",$29.57,267 Anapra Rd,Sunland Park,NM,88063,February,2025,Sunshine Essentials
ANIMACANN INC - APPALOOSA DR RETAIL,"$100,865.23","$96,850.14","$4,015.09",1500 Appaloosa Dr Bldg A Ste 140,Sunland Park,NM,88063,March,2025,Urban Wellness
APOGEE THERAPEUTICS LLC - RETAIL/CONSUMPTION,"$6,802.44","$4,543.56","$2,258.88",1769 Victory Ln,Sunland Park,NM,88063,March,2025,Apogee
ASTRO BUDS LLC - MCCOMBS RD RETAIL,"$215,590.08","$203,407.77","$12,182.31",308 McCombs Rd Spc 2,Chaparral,NM,88081,March,2025,Astro Buds Dispensary
BESOS LLC/ RETAIL FUTURITY DR,"$71,422.24","$69,228.67","$2,193.57",1805 Futurity Dr,Sunland Park,NM,88063,March,2025,Besos
BLUE WHALE SUNLAND - APPALOOSA ST RETAIL,"$740,753.04","$690,167.39","$50,585.65",1500 Appaloosa St Suite B,Sunland Park,NM,88063,March,2025,Cookies
CARDIEL BOTANICA LTD CO - MCNUTT RD RETAIL,"$8,270.31","$7,554.46",$715.85,1685 McNutt,Sunland Park,NM,88063,March,2025,Cardiel Cannabis
"CHADCOR HOLDINGS NM, LLC","$1,232,353.99","$1,188,078.66","$44,275.33",1615 Appaloosa Dr,Sunland Park,NM,88063,March,2025,Dark Matter
CHADCOR HOLDINGS NM- RETAIL,"$65,140.71","$57,050.40","$8,090.31",1621 Appaloosa Dr,Sunland Park,NM,88063,March,2025,Cardiel
DISPENSARY NEAR ME SUNLAND PARK LLC- MCNUTT RETAIL,"$42,040.09","$38,212.59","$3,827.50",1290 McNutt Rd,Sunland Park,NM,88063,March,2025,Dispensary Near Me
ERB HOLDINGS/ RETAIL OHARA ROAD,"$11,984.47","$11,143.93",$840.54,1400 E Ohara Road,Anthony,NM,88021,March,2025,Kushology 101
EVEREST APOTHECARY,"$79,808.39","$77,307.62","$2,500.77",1580 Appaloosa Dr Ste 320,Sunland Park,NM,88063,March,2025,Everest
FIELDS OF DREAMS - SUNLAND PARK RETAIL,"$1,070,653.72","$1,060,938.63","$9,715.09",159 Sunland Park Dr,Sunland Park,NM,88063,March,2025,Field of Dreams
FLORA VERDE LLC - MAGUEY CT RETAIL,"$26,366.44","$24,645.05","$1,721.39",100 Maguey Ct,Sunland Park,NM,88063,March,2025,Nubes
FRESHIES LLC/ RETAIL MCNUTT RD,"$41,499.75","$35,751.19","$5,748.56",5325 McNutt Rd,Santa Teresa,NM,88008,March,2025,Public Affair
GANJIKA GARDENS LLC/ RETAIL RILEY WAY,"$29,248.32","$27,751.54","$1,496.78",1245 Riley Way,Chaparral,NM,88081,March,2025,Ganjika Gardens
GARDEN OF DREAMS CANNABIS LLC,"$29,478.45","$26,728.27","$2,750.18",5300 Mcnutt Rd,Santa Teresa,NM,88008,March,2025,Garden of Dreams
GREENGO NM - ANTHONY DR RETAIL,"$3,122.33","$1,931.91","$1,190.42",816 Anthony Dr,Anthony,NM,88021,March,2025,GreenGo
"GREEN LABS CANNABIS COMPANY, LLC- DERBY RD RETAIL","$28,369.77","$28,197.44",$172.33,245 Derby Rd,Sunland Park,NM,88063,March,2025,Green Labs
"GREEN THERAPY DISPENSARY, LLC","$367,631.50","$342,396.48","$25,235.02","460 County Line Drive, Space F",Chaparral,NM,88081,March,2025,Green Therapy
GROTH INDUSTRIES LLC - SCHNEBERGER DR RETIAL,"$9,617.69","$8,419.28","$1,198.41",140 Schneberger Dr,Chaparral,NM,88081,March,2025,Groth
HHNM CHAPARRAL 1 COMPANY- S. COUNTY LINE RETAIL,"$12,213.28","$10,631.35","$1,581.93",545 S. County Line,Chaparral,NM,88081,March,2025,High Horse
HHNM SUNLAND PARK 1 COMPANY- MCNUTT RD. STE. D RETAIL,"$13,713.20","$11,555.66","$2,157.54",1290 McNutt Rd. Ste. D,Sunland Park,NM,88063,March,2025,High Horse Sunland
HI LIFE DISPENSARY LLC - MCNUTT RD - RETAIL,"$53,248.66","$48,877.60","$4,371.06",5620 McNutt Rd,Santa Teresa,NM,88008,March,2025,Hi Life
HOUSE OF FLOWERS ON THE BORDER LLC - RETAIL,"$64,163.76","$61,836.76","$2,327.00",1042 State Line,Chaparral,NM,88081,March,2025,House of Flowers
J AND J LOAN COMPANY- MCNUTT RETAIL,"$31,934.05","$31,934.05",,1144 McNutt,Sunland Park,NM,88063,March,2025,Empire Garden
"KUSHOLOGY 101 LLC - OHARA RD, RETAIL","$25,044.88","$23,841.49","$1,203.39",1600 E OHara Rd,Anthony,NM,88021,March,2025,Kushology 101
MEDD LLC - PALOMA BLANCA RETAIL,"$77,515.61","$70,687.87","$6,827.74",170 McCombs,Chaparral,NM,88081,March,2025,Pure Medd
"NEBRO, LLC","$112,191.00","$107,659.50","$4,531.50",1999 Futurity Drive Unit A,Sunland Park,NM,88063,March,2025,Elevation 3789
NEWBERRY FARMS LLC - MCNUTT RD. RETAIL,"$16,706.54","$16,461.03",$245.51,1845 McNutt Rd,Sunland Park,NM,88063,March,2025,Sun City Grow Stand
NEW MEXICO TOP ORGANICS ULTRA HEALTH INC  SUNLAND PARK RETAIL,"$46,998.28","$37,634.82","$9,363.46",1155 McNutt Road,Sunland Park,NM,88063,March,2025,Ultra Health
NUVES LLC - RANCH ROAD RETAIL,"$28,597.97","$27,914.21",$683.76,101 Maguey Suite 4,Sunland Park,NM,88063,March,2025,Greens
OBI WAN CANNABIS LLC,"$29,996.61","$29,362.99",$633.62,2167 McNutt Rd suite A,Sunland Park,NM,88063,March,2025,Obi Wan Cannabis
OLD GODS CANNABIS INC/ RETAIL APPALOOSA UNIT7,"$120,704.53","$118,787.43","$1,917.10",1541 Appaloosa Unit 7,Sunland Park,NM,88063,March,2025,Old Gods
PECOS VALLEY PRODUCTION INC - APPALOOSA DR RETAIL,"$151,062.54","$143,548.54","$7,514.00",1925 Appaloosa Dr,Sunland Park,NM,88063,March,2025,Pecos Valley Production
PROHIBITION 37 - MCNUTT RD RETAIL,"$97,429.99","$86,692.45","$10,737.54",871 McNutt Rd,Sunland Park,NM,88063,March,2025,Prohibition 37
"R GREENLEAF ORGANICS INC/ RETAIL APPALOOSA UNIT 1,2","$134,501.64","$127,142.56","$7,359.08","1541 Appaloosas Unit 1, 2, Crossing Offices",Sunland Park,NM,88063,March,2025,R Greenleaf
RH AND MC LLC - MILLER ST RETAIL,"$26,550.41","$21,168.86","$5,381.55",103 Miller St,Anthony,NM,88021,March,2025,Milla Cero
"RMC NM, INC - ANTHONY RETAIL","$93,653.39","$81,236.49","$12,416.90",138 Anthony Dr,Anthony,NM,88021,March,2025,Rocky Mountain Cannabis
"ROUND HOUSE RESERVE, LLC - MCNUTT DR RETAIL","$19,899.22","$17,577.21","$2,322.01",1165 McNutt Dr Unit C5,Sunland Park,NM,88063,March,2025,Round House Reserve
R R HEMPIRE LLC - ANGELINA BLVD RETAIL,"$12,666.88","$12,007.31",$659.57,101 Angelina Blvd,Chaparral,NM,88081,March,2025,Richy Rich
SCORE 420 - MCNUTT RETAIL,"$57,126.43","$50,736.90","$6,389.53",2355 McNutt Road,Sunland Park,NM,88063,March,2025,Score 420
SEVEN NINE GROW LLC - EL PASEO DR RETAIL,"$14,004.73","$12,426.52","$1,578.21",305 S County Line Rd,Chaparral,NM,88081,March,2025,UFORIA
STATELINE CANNABIS NM LLC - ARCH ANGEL WAY RETAILER/CONSUMPTION,"$203,154.77","$200,249.84","$2,904.93",100 Arch Angel Way,Chaparral,NM,88081,March,2025,High Valley Cannabis
ST CANAPA LLC - MCNUTT RD RETAIL,"$25,836.41","$25,332.20",$504.21,5305 McNutt Rd,Santa Teresa,NM,88008,March,2025,St Canapa
SUNLAND MCNUTT GROUP LLC- MCNUTT RD RETAIL,"$669,481.23","$640,805.53","$28,675.70",1051 McNutt Rd,Sunland Park,NM,88063,March,2025,Mango Cannabis
SUNSHINE ESSENTIALS/ RETAIL MCNUTT,"$3,024.51","$2,759.05",$265.46,267 Anapra Rd,Sunland Park,NM,88063,March,2025,Sunshine Essentials
TEN 10 PROJECT LLC- APPOLOOSA DR RETAIL,"$42,517.57","$42,141.57",$376.00,1925 Appoloosa Dr,Sunland Park,NM,88063,March,2025,TenTen
THE GREEN MATRIX - S HIGHWAY 28 RETAIL,"$24,717.82","$22,127.68","$2,590.14",3100 S Highway 28,Anthony,NM,88021,March,2025,Green Matrix
TOP OF THE 8TH LLC - ANTHONY DRIVE RETAIL,"$66,540.98","$51,491.07","$15,049.91",401 Anthony Dr Ste B,Anthony,NM,88021,March,2025,Top of the Eighth
YERBAVIVA LLC/ RETAIL MCNUTT STE D,"$5,047.26","$4,244.87",$802.39,2327 McNutt Ste D,Sunland Park,NM,88063,March,2025,Yerba Viva
ANIMACANN INC - APPALOOSA DR RETAIL,"$72,807.74","$70,664.39","$2,143.35",1500 Appaloosa Dr Bldg A Ste 140,Sunland Park,NM,88063,April,2025,Urban Wellness
APOGEE THERAPEUTICS LLC - RETAIL/CONSUMPTION,"$14,285.52","$13,149.13","$1,136.39",1769 Victory Ln,Sunland Park,NM,88063,April,2025,Apogee
ASTRO BUDS LLC - MCCOMBS RD RETAIL,"$240,585.58","$224,854.67","$15,730.91",308 McCombs Rd Spc 2,Chaparral,NM,88081,April,2025,Astro Buds Dispensary
BESOS LLC/ RETAIL FUTURITY DR,"$65,749.14","$64,098.67","$1,650.47",1805 Futurity Dr,Sunland Park,NM,88063,April,2025,Besos
BLUE WHALE SUNLAND - APPALOOSA ST RETAIL,"$678,719.16","$635,618.11","$43,101.05",1500 Appaloosa St Suite B,Sunland Park,NM,88063,April,2025,Cookies
CARDIEL BOTANICA LTD CO - MCNUTT RD RETAIL,$844.99,$844.99,$0.00,1685 McNutt,Sunland Park,NM,88063,April,2025,Cardiel Cannabis
CARDIEL BOTANICA LTD CO - PALOMAS PL RETAIL,$395.95,$395.95,$0.00,100 Palomas Pl Ste B-2,Sunland Park,NM,88063,April,2025,Top Crop
"CHADCOR HOLDINGS NM, LLC","$1,202,158.98","$1,157,073.45","$45,085.53",1615 Appaloosa Dr,Sunland Park,NM,88063,April,2025,Dark Matter
CHADCOR HOLDINGS NM- RETAIL,"$206,001.77","$188,484.84","$17,516.93",1621 Appaloosa Dr,Sunland Park,NM,88063,April,2025,Cardiel
DISPENSARY NEAR ME SUNLAND PARK LLC- MCNUTT RETAIL,"$49,519.89","$45,841.79","$3,678.10",1290 McNutt Rd,Sunland Park,NM,88063,April,2025,Dispensary Near Me
ERB HOLDINGS/ RETAIL OHARA ROAD,"$12,383.07","$11,496.39",$886.68,1400 E Ohara Road,Anthony,NM,88021,April,2025,Kushology 101
EVEREST APOTHECARY,"$76,608.38","$73,869.35","$2,739.03",1580 Appaloosa Dr Ste 320,Sunland Park,NM,88063,April,2025,Everest
FIELDS OF DREAMS - SUNLAND PARK RETAIL,"$1,138,177.78","$1,127,792.55","$10,385.23",159 Sunland Park Dr,Sunland Park,NM,88063,April,2025,Field of Dreams
FRESHIES LLC/ RETAIL MCNUTT RD,"$49,618.56","$43,823.51","$5,795.05",5325 McNutt Rd,Santa Teresa,NM,88008,April,2025,Public Affair
GANJIKA GARDENS LLC/ RETAIL RILEY WAY,"$30,490.32","$29,232.06","$1,258.26",1245 Riley Way,Chaparral,NM,88081,April,2025,Ganjika Gardens
GARDEN OF DREAMS CANNABIS LLC,"$28,391.60","$26,129.75","$2,261.85",5300 Mcnutt Rd,Santa Teresa,NM,88008,April,2025,Garden of Dreams
"GREEN LABS CANNABIS COMPANY, LLC- DERBY RD RETAIL","$26,790.35","$26,575.79",$214.56,245 Derby Rd,Sunland Park,NM,88063,April,2025,Green Labs
"GREEN THERAPY DISPENSARY, LLC","$385,706.64","$357,253.14","$28,453.50","460 County Line Drive, Space F",Chaparral,NM,88081,April,2025,Green Therapy
GROTH INDUSTRIES LLC - SCHNEBERGER DR RETIAL,"$9,037.87","$7,784.52","$1,253.35",140 Schneberger Dr,Chaparral,NM,88081,April,2025,Groth
HHNM SUNLAND PARK 1 COMPANY- MCNUTT RD. STE. D RETAIL,"$11,313.37","$10,264.33","$1,049.04",1290 McNutt Rd. Ste. D,Sunland Park,NM,88063,April,2025,High Horse Sunland
HI LIFE DISPENSARY LLC - MCNUTT RD - RETAIL,"$44,427.69","$39,220.87","$5,206.82",5620 McNutt Rd,Santa Teresa,NM,88008,April,2025,Hi Life
HOUSE OF FLOWERS ON THE BORDER LLC - RETAIL,"$61,567.88","$59,893.24","$1,674.64",1042 State Line,Chaparral,NM,88081,April,2025,House of Flowers
J AND J LOAN COMPANY- MCNUTT RETAIL,"$10,937.70","$10,737.70",$200.00,1144 McNutt,Sunland Park,NM,88063,April,2025,Empire Garden
"KUSHOLOGY 101 LLC - OHARA RD, RETAIL","$25,142.79","$23,847.47","$1,295.32",1600 E OHara Rd,Anthony,NM,88021,April,2025,Kushology 101
MEDD LLC - PALOMA BLANCA RETAIL,"$77,457.10","$72,249.29","$5,207.81",170 McCombs,Chaparral,NM,88081,April,2025,Pure Medd
"NEBRO, LLC","$105,572.58","$101,354.39","$4,218.19",1999 Futurity Drive Unit A,Sunland Park,NM,88063,April,2025,Elevation 3789
NEWBERRY FARMS LLC - MCNUTT RD. RETAIL,"$18,286.54","$18,035.44",$251.10,1845 McNutt Rd,Sunland Park,NM,88063,April,2025,Sun City Grow Stand
NEW MEXICO TOP ORGANICS ULTRA HEALTH INC  SUNLAND PARK RETAIL,"$44,971.74","$36,336.71","$8,635.03",1155 McNutt Road,Sunland Park,NM,88063,April,2025,Ultra Health
NUVES LLC - RANCH ROAD RETAIL,"$30,865.73","$30,597.72",$268.01,101 Maguey Suite 4,Sunland Park,NM,88063,April,2025,Greens
OBI WAN CANNABIS LLC,"$33,831.11","$33,284.64",$546.47,2167 McNutt Rd suite A,Sunland Park,NM,88063,April,2025,Obi Wan Cannabis
OLD GODS CANNABIS INC/ RETAIL APPALOOSA UNIT7,"$117,213.89","$113,444.03","$3,769.86",1541 Appaloosa Unit 7,Sunland Park,NM,88063,April,2025,Old Gods
PECOS VALLEY PRODUCTION INC - APPALOOSA DR RETAIL,"$129,883.10","$124,470.60","$5,412.50",1925 Appaloosa Dr,Sunland Park,NM,88063,April,2025,Pecos Valley Production
PROHIBITION 37 - MCNUTT RD RETAIL,"$108,164.72","$93,547.18","$14,617.54",871 McNutt Rd,Sunland Park,NM,88063,April,2025,Prohibition 37
"R GREENLEAF ORGANICS INC/ RETAIL APPALOOSA UNIT 1,2","$119,652.82","$113,498.75","$6,154.07","1541 Appaloosas Unit 1, 2, Crossing Offices",Sunland Park,NM,88063,April,2025,R Greenleaf
RH AND MC LLC - MILLER ST RETAIL,"$25,778.91","$19,913.08","$5,865.83",103 Miller St,Anthony,NM,88021,April,2025,Milla Cero
"RMC NM, INC - ANTHONY RETAIL","$84,357.10","$71,981.77","$12,375.33",138 Anthony Dr,Anthony,NM,88021,April,2025,Rocky Mountain Cannabis
"ROUND HOUSE RESERVE, LLC - MCNUTT DR RETAIL","$20,515.35","$18,940.48","$1,574.87",1165 McNutt Dr Unit C5,Sunland Park,NM,88063,April,2025,Round House Reserve
R R HEMPIRE LLC - ANGELINA BLVD RETAIL,"$12,928.72","$12,244.35",$684.37,101 Angelina Blvd,Chaparral,NM,88081,April,2025,Richy Rich
SCORE 420 - MCNUTT RETAIL,"$55,979.05","$50,255.22","$5,723.83",2355 McNutt Road,Sunland Park,NM,88063,April,2025,Score 420
SEVEN NINE GROW LLC - EL PASEO DR RETAIL,$92.12,$92.12,$0.00,305 S County Line Rd,Chaparral,NM,88081,April,2025,UFORIA
STATELINE CANNABIS NM LLC - ARCH ANGEL WAY RETAILER/CONSUMPTION,"$188,834.39","$186,831.40","$2,002.99",100 Arch Angel Way,Chaparral,NM,88081,April,2025,High Valley Cannabis
ST CANAPA LLC - MCNUTT RD RETAIL,"$21,573.53","$20,500.18","$1,073.35",5305 McNutt Rd,Santa Teresa,NM,88008,April,2025,St Canapa
SUNLAND MCNUTT GROUP LLC- MCNUTT RD RETAIL,"$838,940.03","$801,638.62","$37,301.42",1051 McNutt Rd,Sunland Park,NM,88063,April,2025,Mango Cannabis
SUNSHINE ESSENTIALS/ RETAIL MCNUTT,"$6,283.08","$5,798.12",$484.96,267 Anapra Rd,Sunland Park,NM,88063,April,2025,Sunshine Essentials
TEN 10 PROJECT LLC- APPOLOOSA DR RETAIL,"$43,195.01","$42,810.51",$384.50,1925 Appoloosa Dr,Sunland Park,NM,88063,April,2025,TenTen
THE GREEN MATRIX - S HIGHWAY 28 RETAIL,"$27,429.74","$24,642.77","$2,786.97",3100 S Highway 28,Anthony,NM,88021,April,2025,Green Matrix
TOP OF THE 8TH LLC - ANTHONY DRIVE RETAIL,"$62,921.07","$47,473.25","$15,447.82",401 Anthony Dr Ste B,Anthony,NM,88021,April,2025,Top of the Eighth
YERBAVIVA LLC/ RETAIL MCNUTT STE D,"$4,864.84","$4,060.78",$804.06,2327 McNutt Ste D,Sunland Park,NM,88063,April,2025,Yerba Viva
ANIMACANN INC - APPALOOSA DR RETAIL,"$67,468.26","$64,763.78","$2,704.48",1500 Appaloosa Dr Bldg A Ste 140,Sunland Park,NM,88063,May,2025,Urban Wellness
APOGEE THERAPEUTICS LLC - RETAIL/CONSUMPTION,"$23,014.53","$20,983.14","$2,031.39",1769 Victory Ln,Sunland Park,NM,88063,May,2025,Apogee
AREA 54 DISPENSARY LLC- ANGELINA BLVD RETAIL,"$11,772.12","$11,095.55",$676.57,764 Angelina blvd,Chaparral,NM,88081,May,2025,Area 54
ASTRO BUDS LLC - MCCOMBS RD RETAIL,"$226,082.09","$209,004.66","$17,077.43",308 McCombs Rd Spc 2,Chaparral,NM,88081,May,2025,Astro Buds Dispensary
BESOS LLC/ RETAIL FUTURITY DR,"$62,056.76","$60,450.53","$1,606.23",1805 Futurity Dr,Sunland Park,NM,88063,May,2025,Besos
BLUE WHALE SUNLAND - APPALOOSA ST RETAIL,"$688,519.54","$642,556.56","$45,962.98",1500 Appaloosa St Suite B,Sunland Park,NM,88063,May,2025,Cookies
CARDIEL BOTANICA LTD CO - PALOMAS PL RETAIL,$525.59,$525.59,,100 Palomas Pl Ste B-2,Sunland Park,NM,88063,May,2025,Top Crop
"CHADCOR HOLDINGS NM, LLC","$1,187,594.29","$1,143,420.62","$44,173.67",1615 Appaloosa Dr,Sunland Park,NM,88063,May,2025,Dark Matter
CHADCOR HOLDINGS NM- RETAIL,"$230,107.51","$216,704.81","$13,402.70",1621 Appaloosa Dr,Sunland Park,NM,88063,May,2025,Cardiel
DISPENSARY NEAR ME SUNLAND PARK LLC- MCNUTT RETAIL,"$39,005.60","$36,664.27","$2,341.33",1290 McNutt Rd,Sunland Park,NM,88063,May,2025,Dispensary Near Me
ERB HOLDINGS/ RETAIL OHARA ROAD,"$12,010.60","$11,139.30",$871.30,1400 E Ohara Road,Anthony,NM,88021,May,2025,Kushology 101
EVEREST APOTHECARY,"$82,422.89","$79,199.35","$3,223.54",1580 Appaloosa Dr Ste 320,Sunland Park,NM,88063,May,2025,Everest
FIELDS OF DREAMS - SUNLAND PARK RETAIL,"$1,154,128.06","$1,145,066.23","$9,061.83",159 Sunland Park Dr,Sunland Park,NM,88063,May,2025,Field of Dreams
FRESHIES LLC/ RETAIL MCNUTT RD,"$50,448.28","$43,761.18","$6,687.10",5325 McNutt Rd,Santa Teresa,NM,88008,May,2025,Public Affair
GANJIKA GARDENS LLC/ RETAIL RILEY WAY,"$26,507.07","$24,793.59","$1,713.48",1245 Riley Way,Chaparral,NM,88081,May,2025,Ganjika Gardens
GARDEN OF DREAMS CANNABIS LLC,"$33,758.15","$31,102.11","$2,656.04",5300 Mcnutt Rd,Santa Teresa,NM,88008,May,2025,Garden of Dreams
"GREEN LABS CANNABIS COMPANY, LLC- DERBY RD RETAIL","$25,909.82","$25,556.51",$353.31,245 Derby Rd,Sunland Park,NM,88063,May,2025,Green Labs
"GREEN THERAPY DISPENSARY, LLC","$408,176.95","$382,479.41","$25,697.54","460 County Line Drive, Space F",Chaparral,NM,88081,May,2025,Green Therapy
GROTH INDUSTRIES LLC - SCHNEBERGER DR RETIAL,"$9,924.53","$8,252.43","$1,672.10",140 Schneberger Dr,Chaparral,NM,88081,May,2025,Groth
HHNM SUNLAND PARK 1 COMPANY- MCNUTT RD. STE. D RETAIL,"$12,751.60","$11,339.67","$1,411.93",1290 McNutt Rd. Ste. D,Sunland Park,NM,88063,May,2025,High Horse Sunland
HI LIFE DISPENSARY LLC - MCNUTT RD - RETAIL,"$13,212.32","$11,957.60","$1,254.72",5620 McNutt Rd,Santa Teresa,NM,88008,May,2025,Hi Life
HOUSE OF FLOWERS ON THE BORDER LLC - RETAIL,"$69,699.24","$66,274.95","$3,424.29",1042 State Line,Chaparral,NM,88081,May,2025,House of Flowers
J AND J LOAN COMPANY- MCNUTT RETAIL,"$42,436.08","$42,436.08",$0.00,1144 McNutt,Sunland Park,NM,88063,May,2025,Empire Garden
"KUSHOLOGY 101 LLC - OHARA RD, RETAIL","$22,754.85","$21,730.89","$1,023.96",1600 E OHara Rd,Anthony,NM,88021,May,2025,Kushology 101
MEDD LLC - PALOMA BLANCA RETAIL,"$80,330.70","$74,343.91","$5,986.79",170 McCombs,Chaparral,NM,88081,May,2025,Pure Medd
"NEBRO, LLC","$100,294.35","$94,534.07","$5,760.28",1999 Futurity Drive Unit A,Sunland Park,NM,88063,May,2025,Elevation 3789
NEWBERRY FARMS LLC - MCNUTT RD. RETAIL,"$17,500.80","$17,385.69",$115.11,1845 McNutt Rd,Sunland Park,NM,88063,May,2025,Sun City Grow Stand
NEW MEXICO TOP ORGANICS ULTRA HEALTH INC  SUNLAND PARK RETAIL,"$42,138.19","$33,376.77","$8,761.42",1155 McNutt Road,Sunland Park,NM,88063,May,2025,Ultra Health
NRG LYFT LLC,$311.52,$311.52,$0.00,875 McNutt Rd.,Sunland Park,NM,88063,May,2025,NRG LYFT
NUVES LLC - RANCH ROAD RETAIL,"$32,873.05","$32,597.38",$275.67,101 Maguey Suite 4,Sunland Park,NM,88063,May,2025,Greens
OBI WAN CANNABIS LLC,"$31,301.39","$30,675.14",$626.25,2167 McNutt Rd suite A,Sunland Park,NM,88063,May,2025,Obi Wan Cannabis
OLD GODS CANNABIS INC/ RETAIL APPALOOSA UNIT7,"$106,781.45","$103,046.24","$3,735.21",1541 Appaloosa Unit 7,Sunland Park,NM,88063,May,2025,Old Gods
PECOS VALLEY PRODUCTION INC - APPALOOSA DR RETAIL,"$127,356.55","$120,985.63","$6,370.92",1925 Appaloosa Dr,Sunland Park,NM,88063,May,2025,Pecos Valley Production
PROHIBITION 37 - MCNUTT RD RETAIL,"$92,866.38","$84,339.32","$8,527.06",871 McNutt Rd,Sunland Park,NM,88063,May,2025,Prohibition 37
"R GREENLEAF ORGANICS INC/ RETAIL APPALOOSA UNIT 1,2","$119,174.58","$111,851.55","$7,323.03","1541 Appaloosas Unit 1, 2, Crossing Offices",Sunland Park,NM,88063,May,2025,R Greenleaf
RH AND MC LLC - MILLER ST RETAIL,"$25,652.42","$21,065.04","$4,587.38",103 Miller St,Anthony,NM,88021,May,2025,Milla Cero
"RMC NM, INC - ANTHONY RETAIL","$94,434.70","$81,024.31","$13,410.39",138 Anthony Dr,Anthony,NM,88021,May,2025,Rocky Mountain Cannabis
"ROUND HOUSE RESERVE, LLC - MCNUTT DR RETAIL","$16,745.08","$15,628.93","$1,116.15",1165 McNutt Dr Unit C5,Sunland Park,NM,88063,May,2025,Round House Reserve
R R HEMPIRE LLC - ANGELINA BLVD RETAIL,"$12,996.39","$12,561.86",$434.53,101 Angelina Blvd,Chaparral,NM,88081,May,2025,Richy Rich
SCORE 420 - MCNUTT RETAIL,"$55,678.02","$51,085.43","$4,592.59",2355 McNutt Road,Sunland Park,NM,88063,May,2025,Score 420
STATELINE CANNABIS NM LLC - ARCH ANGEL WAY RETAILER/CONSUMPTION,"$199,108.53","$195,921.11","$3,187.42",100 Arch Angel Way,Chaparral,NM,88081,May,2025,High Valley Cannabis
ST CANAPA LLC - MCNUTT RD RETAIL,"$22,344.42","$21,327.63","$1,016.79",5305 McNutt Rd,Santa Teresa,NM,88008,May,2025,St Canapa
SUNLAND MCNUTT GROUP LLC- MCNUTT RD RETAIL,"$862,370.05","$828,887.90","$33,482.14",1051 McNutt Rd,Sunland Park,NM,88063,May,2025,Mango Cannabis
SUNSHINE ESSENTIALS/ RETAIL MCNUTT,"$6,510.74","$6,122.09",$388.65,267 Anapra Rd,Sunland Park,NM,88063,May,2025,Sunshine Essentials
TEN 10 PROJECT LLC- APPOLOOSA DR RETAIL,"$38,087.63","$37,418.42",$669.21,1925 Appoloosa Dr,Sunland Park,NM,88063,May,2025,TenTen
THE GREEN MATRIX - S HIGHWAY 28 RETAIL,"$26,048.21","$23,427.62","$2,620.59",3100 S Highway 28,Anthony,NM,88021,May,2025,Green Matrix
TOP OF THE 8TH LLC - ANTHONY DRIVE RETAIL,"$71,125.05","$55,404.77","$15,720.28",401 Anthony Dr Ste B,Anthony,NM,88021,May,2025,Top of the Eighth
YERBAVIVA LLC/ RETAIL MCNUTT STE D,"$1,456.66","$1,221.47",$235.19,2327 McNutt Ste D,Sunland Park,NM,88063,May,2025,Yerba Viva
ANIMACANN INC - APPALOOSA DR RETAIL,"$59,699.39","$57,914.73","$1,784.66",1500 Appaloosa Dr Bldg A Ste 140,Sunland Park,NM,88063,June,2025,Urban Wellness
APOGEE THERAPEUTICS LLC - RETAIL/CONSUMPTION,"$29,410.83","$27,033.02","$2,377.81",1769 Victory Ln,Sunland Park,NM,88063,June,2025,Apogee
AREA 54 DISPENSARY LLC- ANGELINA BLVD RETAIL,"$13,130.28","$12,164.65",$965.63,764 Angelina blvd,Chaparral,NM,88081,June,2025,Area 54
ASTRO BUDS LLC - MCCOMBS RD RETAIL,"$210,392.79","$193,741.77","$16,651.02",308 McCombs Rd Spc 2,Chaparral,NM,88081,June,2025,Astro Buds Dispensary
BESOS LLC/ RETAIL FUTURITY DR,"$27,181.93","$26,557.11",$624.82,1805 Futurity Dr,Sunland Park,NM,88063,June,2025,Besos
COOKIES - BLUE WHALE SUNLAND - APPALOOSA ST RETAIL,"$657,365.07","$613,339.56","$44,025.51",1500 Appaloosa St Suite B,Sunland Park,NM,88063,June,2025,Cookies
"DARK MATTER - CHADCOR HOLDINGS NM, LLC","$1,080,051.06","$1,040,192.75","$39,858.31",1615 Appaloosa Dr,Sunland Park,NM,88063,June,2025,Dark Matter
TOP CROP - CHADCOR HOLDINGS NM- RETAIL,"$273,197.76","$257,450.73","$15,747.03",1621 Appaloosa Dr,Sunland Park,NM,88063,June,2025,Top Crop
DISPENSARY NEAR ME SUNLAND PARK LLC- MCNUTT RETAIL,"$38,146.75","$35,690.52","$2,456.23",1290 McNutt Rd,Sunland Park,NM,88063,June,2025,Dispensary Near Me
ERB HOLDINGS/ RETAIL OHARA ROAD,"$11,885.86","$10,964.55",$921.31,1400 E Ohara Road,Anthony,NM,88021,June,2025,Kushology 101
EVEREST APOTHECARY,"$82,043.11","$78,362.79","$3,680.32",1580 Appaloosa Dr Ste 320,Sunland Park,NM,88063,June,2025,Everest
FIELDS OF DREAMS - SUNLAND PARK RETAIL,"$1,112,664.63","$1,101,883.73","$10,780.90",159 Sunland Park Dr,Sunland Park,NM,88063,June,2025,Field of Dreams
FRESHIES LLC/ RETAIL MCNUTT RD,"$47,449.67","$40,661.84","$6,787.83",5325 McNutt Rd,Santa Teresa,NM,88008,June,2025,Public Affair
GANJIKA GARDENS LLC/ RETAIL RILEY WAY,"$21,948.37","$20,073.72","$1,874.65",1245 Riley Way,Chaparral,NM,88081,June,2025,Ganjika Gardens
GARDEN OF DREAMS CANNABIS LLC,"$29,888.54","$28,382.42","$1,506.12",5300 Mcnutt Rd,Santa Teresa,NM,88008,June,2025,Garden of Dreams
"GREEN LABS CANNABIS COMPANY, LLC- DERBY RD RETAIL","$28,904.80","$27,884.00","$1,020.80",245 Derby Rd,Sunland Park,NM,88063,June,2025,Green Labs
"GREEN THERAPY DISPENSARY, LLC","$388,742.62","$364,658.62","$24,084.00","460 County Line Drive, Space F",Chaparral,NM,88081,June,2025,Green Therapy
GROTH INDUSTRIES LLC - SCHNEBERGER DR RETIAL,"$7,763.32","$6,687.83","$1,075.49",140 Schneberger Dr,Chaparral,NM,88081,June,2025,Groth
HHNM SUNLAND PARK 1 COMPANY- MCNUTT RD. STE. D RETAIL,"$4,159.02","$3,917.44",$241.58,1290 McNutt Rd. Ste. D,Sunland Park,NM,88063,June,2025,High Horse Sunland
HOUSE OF FLOWERS ON THE BORDER LLC - RETAIL,"$72,048.39","$68,589.25","$3,459.14",1042 State Line,Chaparral,NM,88081,June,2025,House of Flowers
J AND J LOAN COMPANY- MCNUTT RETAIL,"$40,511.81","$40,491.81",$20.00,1144 McNutt,Sunland Park,NM,88063,June,2025,Empire Garden
"KUSHOLOGY 101 LLC - OHARA RD, RETAIL","$19,861.33","$18,593.78","$1,267.55",1600 E OHara Rd,Anthony,NM,88021,June,2025,Kushology 101
MEDD LLC - PALOMA BLANCA RETAIL,"$82,264.73","$73,764.73","$8,500.00",170 McCombs,Chaparral,NM,88081,June,2025,Pure Medd
"ELEVATION - NEBRO, LLC","$93,648.89","$88,067.78","$5,581.11",1999 Futurity Drive Unit A,Sunland Park,NM,88063,June,2025,Elevation 3789
NEWBERRY FARMS LLC - MCNUTT RD. RETAIL,"$7,438.22","$7,396.06",$42.16,1845 McNutt Rd,Sunland Park,NM,88063,June,2025,Sun City Grow Stand
NEW MEXICO TOP ORGANICS ULTRA HEALTH INC  SUNLAND PARK RETAIL,"$39,580.28","$32,366.63","$7,213.65",1155 McNutt Road,Sunland Park,NM,88063,June,2025,Ultra Health
NUVES LLC - RANCH ROAD RETAIL,"$27,564.87","$27,534.87",$30.00,101 Maguey Suite 4,Sunland Park,NM,88063,June,2025,Greens
OBI WAN CANNABIS LLC,"$25,155.22","$24,675.68",$479.54,2167 McNutt Rd suite A,Sunland Park,NM,88063,June,2025,Obi Wan Cannabis
OLD GODS CANNABIS INC/ RETAIL APPALOOSA UNIT7,"$114,665.23","$111,128.93","$3,536.30",1541 Appaloosa Unit 7,Sunland Park,NM,88063,June,2025,Old Gods
PECOS VALLEY PRODUCTION INC - APPALOOSA DR RETAIL,"$108,252.96","$102,135.05","$6,117.91",1925 Appaloosa Dr,Sunland Park,NM,88063,June,2025,Pecos Valley Production
PROHIBITION 37 - MCNUTT RD RETAIL,"$84,494.76","$76,042.36","$8,452.40",871 McNutt Rd,Sunland Park,NM,88063,June,2025,Prohibition 37
"R GREENLEAF ORGANICS INC/ RETAIL APPALOOSA UNIT 1,2","$104,961.30","$99,152.03","$5,809.27","1541 Appaloosas Unit 1, 2, Crossing Offices",Sunland Park,NM,88063,June,2025,R Greenleaf
RH AND MC LLC - MILLER ST RETAIL,"$23,682.62","$18,293.20","$5,389.42",103 Miller St,Anthony,NM,88021,June,2025,Milla Cero
"RMC NM, INC - ANTHONY RETAIL","$88,781.39","$76,101.77","$12,679.62",138 Anthony Dr,Anthony,NM,88021,June,2025,Rocky Mountain Cannabis
"ROUND HOUSE RESERVE, LLC - MCNUTT DR RETAIL","$14,065.92","$12,910.04","$1,155.88",1165 McNutt Dr Unit C5,Sunland Park,NM,88063,June,2025,Round House Reserve
R R HEMPIRE LLC - ANGELINA BLVD RETAIL,"$13,073.15","$12,324.99",$748.16,101 Angelina Blvd,Chaparral,NM,88081,June,2025,Richy Rich
SCORE 420 - MCNUTT RETAIL,"$54,064.69","$49,376.13","$4,688.56",2355 McNutt Road,Sunland Park,NM,88063,June,2025,Score 420
STATELINE CANNABIS NM LLC - ARCH ANGEL WAY RETAILER/CONSUMPTION,"$190,035.53","$188,508.92","$1,526.61",100 Arch Angel Way,Chaparral,NM,88081,June,2025,High Valley Cannabis
ST CANAPA LLC - MCNUTT RD RETAIL,"$25,343.79","$24,369.23",$974.56,5305 McNutt Rd,Santa Teresa,NM,88008,June,2025,St Canapa
MANGO - SUNLAND MCNUTT GROUP LLC- MCNUTT RD RETAIL,"$852,554.59","$815,262.24","$37,292.35",1051 McNutt Rd,Sunland Park,NM,88063,June,2025,Mango Cannabis
SUNSHINE ESSENTIALS/ RETAIL MCNUTT,"$3,724.76","$3,050.38",$674.38,267 Anapra Rd,Sunland Park,NM,88063,June,2025,Sunshine Essentials
TEN 10 PROJECT LLC- APPOLOOSA DR RETAIL,"$33,610.34","$33,186.34",$424.00,1925 Appoloosa Dr,Sunland Park,NM,88063,June,2025,TenTen
THE GREEN MATRIX - S HIGHWAY 28 RETAIL,"$22,616.35","$20,213.30","$2,403.05",3100 S Highway 28,Anthony,NM,88021,June,2025,Green Matrix
TOP OF THE 8TH LLC - ANTHONY DRIVE RETAIL,"$65,928.62","$51,966.77","$13,961.85",401 Anthony Dr Ste B,Anthony,NM,88021,June,2025,Top of the Eighth
YERBAVIVA LLC/ RETAIL MCNUTT STE D,$923.43,$765.26,$158.17,2327 McNutt Ste D,Sunland Park,NM,88063,June,2025,Yerba Viva
FIELDS OF DREAMS - SUNLAND PARK RETAIL,"$1,183,972.41","$1,171,728.85","$12,243.56",159 Sunland Park Dr,Sunland Park,NM,88063,July,2025,Field of Dreams
"CHADCOR HOLDINGS NM, LLC","$1,087,860.32","$1,052,406.54","$35,453.78",1615 Appaloosa Dr,Sunland Park,NM,88063,July,2025,Dark Matter
SUNLAND MCNUTT GROUP LLC- MCNUTT RD RETAIL,"$874,384.60","$839,298.75","$35,085.85",1051 McNutt Rd,Sunland Park,NM,88063,July,2025,Mango Cannabis
BLUE WHALE SUNLAND - APPALOOSA ST RETAIL,"$652,486.89","$609,773.29","$42,713.60",1500 Appaloosa St Suite B,Sunland Park,NM,88063,July,2025,Cookies
"GREEN THERAPY DISPENSARY, LLC","$386,442.94","$361,379.42","$25,063.52","460 County Line Drive, Space F",Chaparral,NM,88081,July,2025,Green Therapy
CHADCOR HOLDINGS NM- RETAIL,"$264,555.88","$251,756.83","$12,799.05",1621 Appaloosa Dr,Sunland Park,NM,88063,July,2025,Cardiel
ASTRO BUDS LLC - MCCOMBS RD RETAIL,"$203,538.52","$190,399.15","$13,139.37",308 McCombs Rd Spc 2,Chaparral,NM,88081,July,2025,Astro Buds Dispensary
STATELINE CANNABIS NM LLC - ARCH ANGEL WAY RETAILER/CONSUMPTION,"$201,195.39","$199,960.06","$1,235.33",100 Arch Angel Way,Chaparral,NM,88081,July,2025,High Valley Cannabis
OLD GODS CANNABIS INC/ RETAIL APPALOOSA UNIT7,"$128,503.67","$124,439.57","$4,064.10",1541 Appaloosa Unit 7,Sunland Park,NM,88063,July,2025,Old Gods
"RMC NM, INC - ANTHONY RETAIL","$103,480.45","$88,347.87","$15,132.58",138 Anthony Dr,Anthony,NM,88021,July,2025,Rocky Mountain Cannabis
"R GREENLEAF ORGANICS INC/ RETAIL APPALOOSA UNIT 1,2","$98,228.94","$93,340.56","$4,888.38","1541 Appaloosas Unit 1, 2, Crossing Offices",Sunland Park,NM,88063,July,2025,R Greenleaf
"NEBRO, LLC","$90,147.67","$85,842.13","$4,305.54",1999 Futurity Drive Unit A,Sunland Park,NM,88063,July,2025,Elevation 3789
MEDD LLC - PALOMA BLANCA RETAIL,"$90,144.77","$85,504.01","$4,640.76",170 McCombs,Chaparral,NM,88081,July,2025,Pure Medd
PROHIBITION 37 - MCNUTT RD RETAIL,"$89,923.15","$80,526.23","$9,396.92",871 McNutt Rd,Sunland Park,NM,88063,July,2025,Prohibition 37
EVEREST APOTHECARY,"$79,406.58","$76,509.14","$2,897.44",1580 Appaloosa Dr Ste 320,Sunland Park,NM,88063,July,2025,Everest
PECOS VALLEY PRODUCTION INC - APPALOOSA DR RETAIL,"$77,035.04","$74,505.85","$2,529.19",1925 Appaloosa Dr,Sunland Park,NM,88063,July,2025,Pecos Valley Production
HOUSE OF FLOWERS ON THE BORDER LLC - RETAIL,"$72,926.37","$68,534.57","$4,391.80",1042 State Line,Chaparral,NM,88081,July,2025,House of Flowers
J AND J LOAN COMPANY- MCNUTT RETAIL,"$68,558.65","$68,283.22",$275.43,1144 McNutt,Sunland Park,NM,88063,July,2025,Empire Garden
TOP OF THE 8TH LLC - ANTHONY DRIVE RETAIL,"$64,115.56","$48,511.65","$15,603.91",401 Anthony Dr Ste B,Anthony,NM,88021,July,2025,Top of the Eighth
SCORE 420 - MCNUTT RETAIL,"$62,225.08","$57,880.40","$4,344.68",2355 McNutt Road,Sunland Park,NM,88063,July,2025,Score 420
ANIMACANN INC - APPALOOSA DR RETAIL,"$51,858.69","$50,521.16","$1,337.53",1500 Appaloosa Dr Bldg A Ste 140,Sunland Park,NM,88063,July,2025,Urban Wellness
DISPENSARY NEAR ME SUNLAND PARK LLC- MCNUTT RETAIL/CONSUMPTION,"$45,062.83","$42,029.12","$3,033.71",1290 McNutt Rd,Sunland Park,NM,88063,July,2025,Dispensary Near Me
FRESHIES LLC/ RETAIL MCNUTT RD,"$42,042.27","$36,707.53","$5,334.74",5325 McNutt Rd,Santa Teresa,NM,88008,July,2025,Public Affair
BESOS LLC/ RETAIL FUTURITY DR,"$40,731.13","$40,155.59",$575.54,1805 Futurity Dr,Sunland Park,NM,88063,July,2025,Besos
NEW MEXICO TOP ORGANICS ULTRA HEALTH INC  SUNLAND PARK RETAIL,"$38,536.01","$30,638.60","$7,897.41",1155 McNutt Road,Sunland Park,NM,88063,July,2025,Ultra Health
NUVES LLC - RANCH ROAD RETAIL,"$33,182.12","$33,022.12",$160.00,101 Maguey Suite 4,Sunland Park,NM,88063,July,2025,Greens
"GREEN LABS CANNABIS COMPANY, LLC- DERBY RD RETAIL","$33,170.86","$32,475.84",$695.02,245 Derby Rd,Sunland Park,NM,88063,July,2025,Green Labs
APOGEE THERAPEUTICS LLC - RETAIL/CONSUMPTION,"$33,021.67","$30,954.22","$2,067.45",1769 Victory Ln,Sunland Park,NM,88063,July,2025,Apogee
GARDEN OF DREAMS CANNABIS LLC,"$32,431.72","$30,382.93","$2,048.79",5300 Mcnutt Rd,Santa Teresa,NM,88008,July,2025,Garden of Dreams
TEN 10 PROJECT LLC- APPOLOOSA DR RETAIL,"$31,724.80","$31,448.30",$276.50,1925 Appoloosa Dr,Sunland Park,NM,88063,July,2025,TenTen
"KUSHOLOGY 101 LLC - OHARA RD, RETAIL","$27,121.57","$25,196.40","$1,925.17",1600 E OHara Rd,Anthony,NM,88021,July,2025,Kushology 101
OBI WAN CANNABIS LLC,"$26,043.13","$25,564.48",$478.65,2167 McNutt Rd suite A,Sunland Park,NM,88063,July,2025,Obi Wan Cannabis
RH AND MC LLC - MILLER ST RETAIL,"$25,683.78","$20,513.97","$5,169.80",103 Miller St,Anthony,NM,88021,July,2025,Milla Cero
THE GREEN MATRIX - S HIGHWAY 28 RETAIL,"$24,683.53","$21,767.33","$2,916.20",3100 S Highway 28,Anthony,NM,88021,July,2025,Green Matrix
ST CANAPA LLC - MCNUTT RD RETAIL,"$21,418.75","$20,707.84",$710.91,5305 McNutt Rd,Santa Teresa,NM,88008,July,2025,St Canapa
GANJIKA GARDENS LLC/ RETAIL RILEY WAY,"$20,010.28","$18,066.31","$1,943.97",1245 Riley Way,Chaparral,NM,88081,July,2025,Ganjika Gardens
AREA 54 DISPENSARY LLC- ANGELINA BLVD RETAIL,"$15,331.77","$13,596.03","$1,735.74",764 Angelina blvd,Chaparral,NM,88081,July,2025,Area 54
R R HEMPIRE LLC - ANGELINA BLVD RETAIL,"$12,549.52","$11,929.23",$620.29,101 Angelina Blvd,Chaparral,NM,88081,July,2025,Richy Rich
"ROUND HOUSE RESERVE, LLC - MCNUTT DR RETAIL","$11,458.08","$10,177.89","$1,280.19",1165 McNutt Dr Unit C5,Sunland Park,NM,88063,July,2025,Round House Reserve
STATELINE CANNABIS NM LLC-STEPHANIE RETAIL/CONS,"$9,524.11","$9,524.11",$0.00,101 Stephanie,Chaparral,NM,880081,July,2025,Stateline Cannabis
GROTH INDUSTRIES LLC - SCHNEBERGER DR RETIAL,"$8,340.36","$6,987.51","$1,352.85",140 Schneberger Dr,Chaparral,NM,88081,July,2025,Groth
SUNSHINE ESSENTIALS/ RETAIL MCNUTT,"$4,008.29","$3,293.19",$715.10,267 Anapra Rd,Sunland Park,NM,88063,July,2025,Sunshine Essentials
ERB HOLDINGS/ RETAIL OHARA ROAD,"$1,974.90","$1,702.48",$272.42,1400 E Ohara Road,Anthony,NM,88021,July,2025,Kushology 101
575 CANNABIS LLC- RETAIL 305 S COUNTY LINE,"$1,824.97","$1,684.77",$140.20,305 S County Line Dr,Chaparral,NM,88081,July,2025,Uforia
YERBAVIVA LLC/ RETAIL MCNUTT STE D,$980.21,$304.12,$676.09,2327 McNutt Ste D,Sunland Park,NM,88063,July,2025,Yerba Viva
HI LIFE DISPENSARY LLC - MCNUTT RD - RETAIL,$12.36,$12.36,$0.00,5620 McNutt Rd,Santa Teresa,NM,88008,July,2025,Hi Life
TWISTED CANNABIS- VICTORY DR RETAIL,$505.00,$505.00,$0.00,1979 Victory Dr Ste 9,Sunland Park,NM,88063,August,2025,Twisted Cannabis
SUNSHINE ESSENTIALS/ RETAIL MCNUTT,"$4,467.63","$3,777.59",$690.04,267 Anapra Rd,Sunland Park,NM,88063,August,2025,Sunshine Essentials
SUNLAND MCNUTT GROUP LLC- MCNUTT RD RETAIL,"$921,498.13","$885,873.32","$35,624.82",1051 McNutt Rd,Sunland Park,NM,88063,August,2025,Mango Cannabis
SCORE 420 - MCNUTT RETAIL,"$66,428.81","$61,797.81","$4,631.00",2355 McNutt Road,Sunland Park,NM,88063,August,2025,Score 420
"ROUND HOUSE RESERVE, LLC - MCNUTT DR RETAIL","$13,306.03","$12,223.99","$1,082.04",1165 McNutt Dr Unit C5,Sunland Park,NM,88063,August,2025,Round House Reserve
"R GREENLEAF ORGANICS INC/ RETAIL APPALOOSA UNIT 1,2","$102,398.85","$96,279.78","$6,119.07","1541 Appaloosas Unit 1, 2, Crossing Offices",Sunland Park,NM,88063,August,2025,R Greenleaf
PROHIBITION 37 - MCNUTT RD RETAIL,"$96,009.83","$86,463.32","$9,546.51",871 McNutt Rd,Sunland Park,NM,88063,August,2025,Prohibition 37
PECOS VALLEY PRODUCTION INC - APPALOOSA DR RETAIL,"$64,066.60","$61,003.94","$3,062.66",1925 Appaloosa Dr,Sunland Park,NM,88063,August,2025,Pecos Valley Production
OLD GODS CANNABIS INC/ RETAIL APPALOOSA UNIT7,"$137,775.93","$135,299.83","$2,476.10",1541 Appaloosa Unit 7,Sunland Park,NM,88063,August,2025,Old Gods
OBI WAN CANNABIS LLC,"$22,587.84","$22,330.17",$257.67,2167 McNutt Rd suite A,Sunland Park,NM,88063,August,2025,Obi Wan Cannabis
NUVES LLC - RANCH ROAD RETAIL,"$34,702.13","$34,684.15",$17.98,101 Maguey Suite 4,Sunland Park,NM,88063,August,2025,Greens
NEW MEXICO TOP ORGANICS ULTRA HEALTH INC  SUNLAND PARK RETAIL,"$37,403.01","$30,602.10","$6,800.91",1155 McNutt Road,Sunland Park,NM,88063,August,2025,Ultra Health
"Elevation - NEBRO, LLC","$88,778.38","$84,881.70","$3,896.68",1999 Futurity Drive Unit A,Sunland Park,NM,88063,August,2025,Elevation 3789
Empire - J AND J LOAN COMPANY- MCNUTT RETAIL,"$65,156.03","$64,949.18",$206.85,1144 McNutt,Sunland Park,NM,88063,August,2025,Empire Garden
"GREEN LABS CANNABIS COMPANY, LLC- DERBY RD RETAIL","$36,573.57","$36,389.99",$183.58,245 Derby Rd,Sunland Park,NM,88063,August,2025,Green Labs
FIELDS OF DREAMS - SUNLAND PARK RETAIL,"$1,156,727.30","$1,145,777.29","$10,950.01",159 Sunland Park Dr,Sunland Park,NM,88063,August,2025,Field of Dreams
EVEREST APOTHECARY,"$82,115.65","$78,226.13","$3,889.52",1580 Appaloosa Dr Ste 320,Sunland Park,NM,88063,August,2025,Everest
DISPENSARY NEAR ME SUNLAND PARK LLC- MCNUTT RETAIL/CONSUMPTION,"$65,045.27","$60,347.66","$4,697.61",1290 McNutt Rd,Sunland Park,NM,88063,August,2025,Dispensary Near Me
CHADCOR HOLDINGS NM- RETAIL,"$299,700.26","$286,300.35","$13,399.91",1621 Appaloosa Dr,Sunland Park,NM,88063,August,2025,Cardiel
"CHADCOR HOLDINGS NM, LLC","$1,084,654.47","$1,036,047.13","$48,607.34",1615 Appaloosa Dr,Sunland Park,NM,88063,August,2025,Dark Matter
BLUE WHALE SUNLAND - APPALOOSA ST RETAIL,"$721,752.96","$674,810.24","$46,942.72",1500 Appaloosa St Suite B,Sunland Park,NM,88063,August,2025,Cookies
BESOS LLC/ RETAIL FUTURITY DR,"$50,071.80","$48,359.81","$1,711.99",1805 Futurity Dr,Sunland Park,NM,88063,August,2025,Besos
APOGEE THERAPEUTICS LLC - RETAIL/CONSUMPTION,"$37,841.02","$36,340.70","$1,500.32",1769 Victory Ln,Sunland Park,NM,88063,August,2025,Apogee
ST CANAPA LLC - MCNUTT RD RETAIL,"$19,614.80","$18,777.68",$837.12,5305 McNutt Rd,Santa Teresa,NM,88008,August,2025,St Canapa
HI LIFE DISPENSARY LLC - MCNUTT RD - RETAIL,"$31,001.85","$26,188.25","$4,813.60",5620 McNutt Rd,Santa Teresa,NM,88008,August,2025,Hi Life
GARDEN OF DREAMS CANNABIS LLC,"$32,551.71","$30,177.31","$2,374.40",5300 Mcnutt Rd,Santa Teresa,NM,88008,August,2025,Garden of Dreams
FRESHIES LLC/ RETAIL MCNUTT RD,"$44,022.06","$38,652.63","$5,369.43",5325 McNutt Rd,Santa Teresa,NM,88008,August,2025,Public Affair
TOP OF THE 8TH LLC - ANTHONY DRIVE RETAIL,"$71,925.03","$59,141.48","$12,783.55",401 Anthony Dr Ste B,Anthony,NM,88021,August,2025,Top of the Eighth
THE GREEN MATRIX - S HIGHWAY 28 RETAIL,"$27,940.57","$22,324.55","$5,616.02",3100 S Highway 28,Anthony,NM,88021,August,2025,Green Matrix
"RMC NM, INC - ANTHONY RETAIL","$97,029.40","$82,100.18","$14,929.22",138 Anthony Dr,Anthony,NM,88021,August,2025,Rocky Mountain Cannabis
RH AND MC LLC - MILLER ST RETAIL,"$26,050.64","$19,986.97","$6,063.67",103 Miller St,Anthony,NM,88021,August,2025,Milla Cero
"KUSHOLOGY 101 LLC - OHARA RD, RETAIL","$21,939.22","$20,531.39","$1,407.83",1600 E OHara Rd,Anthony,NM,88021,August,2025,Kushology 101
STATELINE CANNABIS NM LLC-STEPHANIE RETAIL/CONS,"$29,006.99","$27,806.13","$1,200.86",101 Stephanie,Chaparral,NM,880081,August,2025,Stateline Cannabis
STATELINE CANNABIS NM LLC - ARCH ANGEL WAY RETAILER/CONSUMPTION,"$178,630.08","$176,451.11","$2,178.97",100 Arch Angel Way,Chaparral,NM,88081,August,2025,High Valley Cannabis
R R HEMPIRE LLC - ANGELINA BLVD RETAIL,"$10,566.41","$10,042.25",$524.16,101 Angelina Blvd,Chaparral,NM,88081,August,2025,Richy Rich
MEDD LLC - PALOMA BLANCA RETAIL,"$85,245.77","$81,641.78","$3,603.99",170 McCombs,Chaparral,NM,88081,August,2025,Pure Medd
HOUSE OF FLOWERS ON THE BORDER LLC - MANU,$8.18,$0.00,$8.18,1042 State Line,Chaparral,NM,88081,August,2025,House of Flowers
GROTH INDUSTRIES LLC - SCHNEBERGER DR RETIAL,"$8,137.35","$7,172.14",$965.21,140 Schneberger Dr,Chaparral,NM,88081,August,2025,Groth
"GREEN THERAPY DISPENSARY, LLC","$428,476.41","$397,923.88","$30,552.53","460 County Line Drive, Space F",Chaparral,NM,88081,August,2025,Green Therapy
GANJIKA GARDENS LLC/ RETAIL RILEY WAY,"$20,043.72","$18,510.28","$1,533.44",1245 Riley Way,Chaparral,NM,88081,August,2025,Ganjika Gardens
ASTRO BUDS LLC - MCCOMBS RD RETAIL,"$211,913.63","$197,622.90","$14,290.73",308 McCombs Rd Spc 2,Chaparral,NM,88081,August,2025,Astro Buds Dispensary
AREA 54 DISPENSARY LLC- ANGELINA BLVD RETAIL,"$17,511.86","$16,016.05","$1,495.81",764 Angelina blvd,Chaparral,NM,88081,August,2025,Area 54
575 CANNABIS LLC- RETAIL 305 S COUNTY LINE,"$6,870.00","$6,485.90",$384.10,305 S County Line Dr,Chaparral,NM,88081,August,2025,Uforia
HOUSE OF FLOWERS ON THE BORDER LLC - RETAIL,"$74,748.36","$70,770.34","$3,978.02",1042 State Line,Chaparral,NM,88081,August,2025,House of Flowers
575 CANNABIS LLC- RETAIL 305 S COUNTY LINE,"$9,475.57","$8,211.43","$1,264.14",305 S County Line Dr,Chaparral,NM,88081,September,2025,Uforia
APOGEE THERAPEUTICS LLC - RETAIL/CONSUMPTION,"$45,543.34","$42,688.29","$2,855.05",1769 Victory Ln,Sunland Park,NM,88063,September,2025,Apogee
AREA 54 DISPENSARY LLC- ANGELINA BLVD RETAIL,"$23,621.77","$20,939.15","$2,682.62",764 Angelina blvd,Chaparral,NM,88081,September,2025,Area 54
ASTRO BUDS LLC - MCCOMBS RD RETAIL,"$188,348.30","$177,562.82","$10,785.48",308 McCombs Rd Spc 2,Chaparral,NM,88081,September,2025,Astro Buds Dispensary
BESOS LLC/ RETAIL FUTURITY DR,"$41,334.06","$39,896.49","$1,437.57",1805 Futurity Dr,Sunland Park,NM,88603,September,2025,Besos
BLUE WHALE SUNLAND - APPALOOSA ST RETAIL,"$639,857.17","$599,407.31","$40,449.86",1500 Appaloosa St Suite B,Sunland Park,NM,88063,September,2025,Cookies
"CHADCOR HOLDINGS NM, LLC","$985,516.28","$939,763.84","$45,752.44",1615 Appaloosa Dr,Sunland Park,NM,88063,September,2025,Dark Matter
CHADCOR HOLDINGS NM- RETAIL,"$259,138.30","$247,715.72","$11,422.58",1621 Appaloosa Dr,Sunland Park,NM,88063,September,2025,Cardiel
DIABLO BUDS GROW 1 LLC - APPALOOSA STE 6,$611.82,$586.82,$25.00,1925 Appaloosa Ste 6,Sunland Park,NM,88063,September,2025,Black Sheep
DISPENSARY NEAR ME SUNLAND PARK LLC- MCNUTT RETAIL/CONSUMPTION,"$62,626.27","$58,475.03","$4,151.24",1290 McNutt Rd,Sunland Park,NM,88063,September,2025,Dispensary Near Me
EVEREST APOTHECARY,"$71,031.88","$67,791.11","$3,240.77",1580 Appaloosa Dr Ste 320,Sunland Park,NM,88063,September,2025,Everest
FIELDS OF DREAMS - SUNLAND PARK RETAIL,"$1,110,607.08","$1,099,186.43","$11,420.65",159 Sunland Park Dr,Sunland Park,NM,88063,September,2025,Field of Dreams
FRESHIES LLC/ RETAIL MCNUTT RD,"$46,686.01","$41,784.51","$4,901.50",5325 McNutt Rd,Santa Teresa,NM,88008,September,2025,Public Affair
GANJIKA GARDENS LLC/ RETAIL RILEY WAY,"$19,233.57","$18,032.18","$1,201.39",1245 Riley Way,Chaparral,NM,88081,September,2025,Ganjika Gardens
GARDEN OF DREAMS CANNABIS LLC,"$36,113.67","$34,253.93","$1,859.74",5300 Mcnutt Rd,Santa Teresa,NM,88008,September,2025,Garden of Dreams
"GREEN LABS CANNABIS COMPANY, LLC- DERBY RD RETAIL","$31,399.75","$31,185.37",$214.38,245 Derby Rd,Sunland Park,NM,88063,September,2025,Green Labs
"GREEN THERAPY DISPENSARY, LLC","$470,559.34","$437,093.32","$33,466.02","460 County Line Drive, Space F",Chaparral,NM,88081,September,2025,Green Therapy
GROTH INDUSTRIES LLC - SCHNEBERGER DR RETIAL,"$8,085.37","$7,067.60","$1,017.77",140 Schneberger Dr,Chaparral,NM,88081,September,2025,Groth
HI LIFE DISPENSARY LLC - MCNUTT RD - RETAIL,"$52,690.23","$46,440.84","$6,249.39",5620 McNutt Rd,Santa Teresa,NM,88008,September,2025,Hi Life
HOUSE OF FLOWERS ON THE BORDER LLC - MANU,$8.38,,$8.38,1042 State Line,Chaparral,NM,88081,September,2025,House of Flowers
HOUSE OF FLOWERS ON THE BORDER LLC - RETAIL,"$77,302.99","$73,412.62","$3,890.37",1042 State Line,Chapparal,NM,88081,September,2025,House of Flowers
J AND J LOAN COMPANY- MCNUTT RETAIL,"$51,399.94","$51,180.51",$219.43,1144 McNutt,Sunland Park,NM,88063,September,2025,Empire Garden
"KUSHOLOGY 101 LLC - OHARA RD, RETAIL","$18,734.74","$17,907.01",$827.73,1600 E OHara Rd,Anthony,NM,88021,September,2025,Kushology 101
MEDD LLC - PALOMA BLANCA RETAIL,"$79,976.54","$76,950.59","$3,025.95",170 McCombs,Chaparral,NM,88081,September,2025,Pure Medd
"NEBRO, LLC","$79,369.28","$75,935.77","$3,433.51",1999 Futurity Drive Unit A,Sunland Park,NM,88063,September,2025,Elevation 3789
NEW MEXICO TOP ORGANICS ULTRA HEALTH INC  SUNLAND PARK RETAIL,"$30,178.37","$25,131.72","$5,046.65",1155 McNutt Road,Sunland Park,NM,88063,September,2025,Ultra Health
NUVES LLC - RANCH ROAD RETAIL,"$30,714.89","$30,535.90",$178.99,101 Maguey Suite 4,Sunland Park,NM,88063,September,2025,Greens
OBI WAN CANNABIS LLC,"$18,471.42","$17,313.99","$1,157.43",2167 McNutt Rd suite A,Sunland Park,NM,88063,September,2025,Obi Wan Cannabis
OLD GODS CANNABIS INC/ RETAIL APPALOOSA UNIT7,"$127,627.72","$125,245.71","$2,382.01",1541 Appaloosa Unit 7,Sunland Park,NM,88063,September,2025,Old Gods
PECOS VALLEY PRODUCTION INC - APPALOOSA DR RETAIL,"$45,590.33","$43,233.47","$2,356.86",1925 Appaloosa Dr,Sunland Park,NM,88063,September,2025,Pecos Valley Production
PROHIBITION 37 - MCNUTT RD RETAIL,"$102,966.76","$93,454.87","$9,511.89",871 McNutt Rd,Sunland Park,NM,88063,September,2025,Prohibition 37
"R GREENLEAF ORGANICS INC/ RETAIL APPALOOSA UNIT 1,2","$99,710.87","$93,883.90","$5,826.97","1541 Appaloosas Unit 1, 2, Crossing Offices",Sunland Park,NM,88063,September,2025,R Greenleaf
RH AND MC LLC - MILLER ST RETAIL,"$24,295.93","$18,972.40","$5,323.53",103 Miller St,Anthony,NM,88021,September,2025,Milla Cero
"RMC NM, INC - ANTHONY RETAIL","$97,241.70","$82,389.12","$14,852.58",138 Anthony Dr,Anthony,NM,88021,September,2025,Rocky Mountain Cannabis
"ROUND HOUSE RESERVE, LLC - MCNUTT DR RETAIL","$10,741.04","$9,459.37","$1,281.67",1165 McNutt Dr Unit C5,Sunland Park,NM,88063,September,2025,Round House Reserve
R R HEMPIRE LLC - ANGELINA BLVD RETAIL,"$8,518.16","$8,374.46",$143.70,101 Angelina Blvd,Chaparral,NM,88081,September,2025,Richy Rich
SCORE 420 - MCNUTT RETAIL,"$63,629.50","$59,032.70","$4,596.80",2355 McNutt Road,Sunland Park,NM,88063,September,2025,Score 420
STATELINE CANNABIS NM LLC - ARCH ANGEL WAY RETAILER/CONSUMPTION,"$185,974.84","$183,410.07","$2,564.77",100 Arch Angel Way,Chaparral,NM,88081,September,2025,High Valley Cannabis
STATELINE CANNABIS NM LLC-STEPHANIE RETAIL/CONS,"$30,448.96","$29,297.27","$1,151.69",101 Stephanie,Chaparral,NM,880081,September,2025,Stateline Cannabis
ST CANAPA LLC - MCNUTT RD RETAIL,"$14,876.37","$14,061.56",$814.81,5305 McNutt Rd,Santa Teresa,NM,88008,September,2025,St Canapa
SUNLAND MCNUTT GROUP LLC- MCNUTT RD RETAIL,"$922,380.84","$890,310.56","$32,070.28",1051 McNutt Rd,Sunland Park,NM,88063,September,2025,Mango Cannabis
SUNSHINE ESSENTIALS/ RETAIL MCNUTT,"$4,011.86","$3,193.85",$818.01,267 Anapra Rd,Sunland Park,NM,88063,September,2025,Sunshine Essentials
TOKE IT UP DISPENSARY AND LOUNGE LLC- FUTURITY DRIVE RETAIL,"$2,996.46","$2,750.20",$246.26,1999 Futurity Drive,Sunland Park,NM,88063,September,2025,Toke It Up
TOP OF THE 8TH LLC - ANTHONY DRIVE RETAIL,"$65,309.41","$53,354.67","$11,954.74",401 Anthony Dr Ste B,Anthony,NM,88021,September,2025,Top of the Eighth
TOKE IT UP DISPENSARY AND LOUNGE LLC- FUTURITY DRIVE RETAIL,"$8,926.01","$8,396.23",$529.78,1999 Futurity Drive,Sunland Park,NM,88063,October,2025,Toke It Up
SUNSHINE ESSENTIALS/ RETAIL MCNUTT,"$4,027.42","$2,884.00","$1,143.42",267 Anapra Rd,Sunland Park,NM,88063,October,2025,Sunshine Essentials
SUNLAND MCNUTT GROUP LLC- MCNUTT RD RETAIL,"$1,072,178.01","$1,033,030.97","$39,147.04",1051 McNutt Rd,Sunland Park,NM,88063,October,2025,Mango Cannabis
SCORE 420 - MCNUTT RETAIL,"$64,872.78","$60,437.31","$4,435.47",2355 McNutt Road,Sunland Park,NM,88063,October,2025,Score 420
"ROUND HOUSE RESERVE, LLC - MCNUTT DR RETAIL","$18,228.54","$15,993.22","$2,235.32",1165 McNutt Dr Unit C5,Sunland Park,NM,88063,October,2025,Round House Reserve
"R GREENLEAF ORGANICS INC/ RETAIL APPALOOSA UNIT 1,2","$104,819.80","$99,046.29","$5,773.51","1541 Appaloosas Unit 1, 2, Crossing Offices",Sunland Park,NM,88063,October,2025,R Greenleaf
PROHIBITION 37 - MCNUTT RD RETAIL,"$114,087.62","$103,183.88","$10,903.74",871 McNutt Rd,Sunland Park,NM,88063,October,2025,Prohibition 37
PECOS VALLEY PRODUCTION INC - APPALOOSA DR RETAIL,"$50,540.28","$48,155.12","$2,385.16",1925 Appaloosa Dr,Sunland Park,NM,88063,October,2025,Pecos Valley Production
OLD GODS CANNABIS INC/ RETAIL APPALOOSA UNIT7,"$148,135.08","$144,301.07","$3,834.01",1541 Appaloosa Unit 7,Sunland Park,NM,88063,October,2025,Old Gods
OBI WAN CANNABIS LLC,"$20,351.04","$20,143.00",$208.04,2167 McNutt Rd suite A,Sunland Park,NM,88063,October,2025,Obi Wan Cannabis
NUVES LLC - RANCH ROAD RETAIL,"$30,668.52","$30,385.47",$283.05,101 Maguey Suite 4,Sunland Park,NM,88063,October,2025,Greens
NEW MEXICO TOP ORGANICS ULTRA HEALTH INC  SUNLAND PARK RETAIL,"$37,562.77","$31,668.82","$5,893.95",1155 McNutt Road,Sunland Park,NM,88063,October,2025,Ultra Health
"NEBRO, LLC","$92,807.78","$89,977.67","$2,830.11",1999 Futurity Drive Unit A,Sunland Park,NM,88063,October,2025,Elevation 3789
J AND J LOAN COMPANY- MCNUTT RETAIL,"$58,867.12","$58,575.87",$291.25,1144 McNutt,Sunland Park,NM,88063,October,2025,Empire Garden
"GREEN LABS CANNABIS COMPANY, LLC- DERBY RD RETAIL","$29,937.42","$29,787.44",$149.98,245 Derby Rd,Sunland Park,NM,88063,October,2025,Green Labs
FIELDS OF DREAMS - SUNLAND PARK RETAIL,"$1,199,296.78","$1,187,766.22","$11,530.56",159 Sunland Park Dr,Sunland Park,NM,88063,October,2025,Field of Dreams
EVEREST APOTHECARY,"$69,963.04","$67,534.18","$2,428.86",1580 Appaloosa Dr Ste 320,Sunland Park,NM,88063,October,2025,Everest
DISPENSARY NEAR ME SUNLAND PARK LLC- MCNUTT RETAIL/CONSUMPTION,"$57,638.30","$54,157.45","$3,480.85",1290 McNutt Rd,Sunland Park,NM,88063,October,2025,Dispensary Near Me
DIABLO BUDS GROW 1 LLC - APPALOOSA STE 6,"$3,319.17","$3,319.17",$0.00,1925 Appaloosa Ste 6,Sunland Park,NM,88063,October,2025,Black Sheep
CHADCOR HOLDINGS NM- RETAIL,"$282,586.88","$266,887.91","$15,698.97",1621 Appaloosa Dr,Sunland Park,NM,88063,October,2025,Cardiel
"CHADCOR HOLDINGS NM, LLC","$1,014,138.70","$972,985.11","$41,153.59",1615 Appaloosa Dr,Sunland Park,NM,88063,October,2025,Dark Matter
BLUE WHALE SUNLAND - APPALOOSA ST RETAIL,"$644,328.58","$603,638.50","$40,690.08",1500 Appaloosa St Suite B,Sunland Park,NM,88063,October,2025,Cookies
BESOS LLC/ RETAIL FUTURITY DR,"$47,793.92","$46,752.80","$1,041.12",1805 Futurity Dr,Sunland Park,NM,88603,October,2025,Besos
APOGEE THERAPEUTICS LLC - RETAIL/CONSUMPTION,"$47,753.60","$45,661.17","$2,092.43",1769 Victory Ln,Sunland Park,NM,88063,October,2025,Apogee
ST CANAPA LLC - MCNUTT RD RETAIL,"$12,017.88","$11,779.80",$238.08,5305 McNutt Rd,Santa Teresa,NM,88008,October,2025,St Canapa
HI LIFE DISPENSARY LLC - MCNUTT RD - RETAIL,"$55,300.52","$46,278.16","$9,022.36",5620 McNutt Rd,Santa Teresa,NM,88008,October,2025,Hi Life
GARDEN OF DREAMS CANNABIS LLC,"$32,798.35","$31,243.90","$1,554.45",5300 Mcnutt Rd,Santa Teresa,NM,88008,October,2025,Garden of Dreams
FRESHIES LLC/ RETAIL MCNUTT RD,"$49,870.58","$45,360.00","$4,510.58",5325 McNutt Rd,Santa Teresa,NM,88008,October,2025,Public Affair
TOP OF THE 8TH LLC - ANTHONY DRIVE RETAIL,"$69,834.25","$54,663.92","$15,170.33",401 Anthony Dr Ste B,Anthony,NM,88021,October,2025,Top of the Eighth
"RMC NM, INC - ANTHONY RETAIL","$107,713.91","$92,858.43","$14,855.48",138 Anthony Dr,Anthony,NM,88021,October,2025,Rocky Mountain Cannabis
RH AND MC LLC - MILLER ST RETAIL,"$24,590.17","$18,380.80","$6,209.38",103 Miller St,Anthony,NM,88021,October,2025,Milla Cero
"KUSHOLOGY 101 LLC - OHARA RD, RETAIL","$18,962.08","$17,898.95","$1,063.13",1600 E OHara Rd,Anthony,NM,88021,October,2025,Kushology 101
STATELINE CANNABIS NM LLC-STEPHANIE RETAIL/CONS,"$39,153.12","$36,743.60","$2,409.52",101 Stephanie,Chaparral,NM,880081,October,2025,Stateline Cannabis
STATELINE CANNABIS NM LLC - ARCH ANGEL WAY RETAILER/CONSUMPTION,"$186,301.83","$183,611.42","$2,690.41",100 Arch Angel Way,Chaparral,NM,88081,October,2025,High Valley Cannabis
R R HEMPIRE LLC - ANGELINA BLVD RETAIL,"$7,811.85","$7,591.37",$220.48,101 Angelina Blvd,Chaparral,NM,88081,October,2025,Richy Rich
MEDD LLC - PALOMA BLANCA RETAIL,"$79,710.94","$76,902.90","$2,808.04",170 McCombs,Chaparral,NM,88081,October,2025,Pure Medd
GROTH INDUSTRIES LLC - SCHNEBERGER DR RETIAL,"$11,537.86","$9,945.81","$1,592.05",140 Schneberger Dr,Chaparral,NM,88081,October,2025,Groth
"GREEN THERAPY DISPENSARY, LLC","$491,338.42","$463,366.41","$27,972.01","460 County Line Drive, Space F",Chaparral,NM,88081,October,2025,Green Therapy
GANJIKA GARDENS LLC/ RETAIL RILEY WAY,"$22,191.46","$20,484.30","$1,707.16",1245 Riley Way,Chaparral,NM,88081,October,2025,Ganjika Gardens
ASTRO BUDS LLC - MCCOMBS RD RETAIL,"$183,246.39","$170,563.37","$12,683.02",308 McCombs Rd Spc 2,Chaparral,NM,88081,October,2025,Astro Buds Dispensary
AREA 54 DISPENSARY LLC- ANGELINA BLVD RETAIL,"$22,921.21","$20,977.10","$1,944.11",764 Angelina blvd,Chaparral,NM,88081,October,2025,Area 54
575 CANNABIS LLC- RETAIL 305 S COUNTY LINE,"$9,597.02","$8,585.62","$1,011.40",305 S County Line Dr,Chaparral,NM,88081,October,2025,Uforia
HOUSE OF FLOWERS ON THE BORDER LLC - RETAIL,"$83,710.92","$79,094.04","$4,616.88",1042 State Line,Chapparal,NM,88081,October,2025,House of Flowers
URBAN WELLNESS - APPALOOSA DR RETAILER,"$15,089.73","$13,861.76","$1,227.97",1500 Appaloosa Dr Bldg A Ste 140,Sunland Park,NM,88063,November,2025,Urban Wellness
TOKE IT UP DISPENSARY AND LOUNGE LLC- FUTURITY DRIVE RETAIL,"$11,527.17","$9,403.81","$2,123.36",1999 Futurity Drive,Sunland Park,NM,88063,November,2025,Toke It Up
SUNSHINE ESSENTIALS/ RETAIL MCNUTT,"$2,946.67","$2,242.72",$703.94,267 Anapra Rd,Sunland Park,NM,88063,November,2025,Sunshine Essentials
SUNLAND MCNUTT GROUP LLC- MCNUTT RD RETAIL,"$1,228,072.46","$1,185,077.40","$42,995.06",1051 McNutt Rd,Sunland Park,NM,88063,November,2025,Mango Cannabis
SCORE 420 - MCNUTT RETAIL,"$53,996.28","$50,083.41","$3,912.87",2355 McNutt Road,Sunland Park,NM,88063,November,2025,Score 420
"ROUND HOUSE RESERVE, LLC - MCNUTT DR RETAIL","$17,066.79","$15,196.25","$1,870.54",1165 McNutt Dr Unit C5,Sunland Park,NM,88063,November,2025,Round House Reserve
"R GREENLEAF ORGANICS INC/ RETAIL APPALOOSA UNIT 1,2","$92,181.79","$86,306.76","$5,875.03","1541 Appaloosas Unit 1, 2, Crossing Offices",Sunland Park,NM,88063,November,2025,R Greenleaf
PROHIBITION 37 - MCNUTT RD RETAIL,"$103,484.75","$92,868.57","$10,616.18",871 McNutt Rd,Sunland Park,NM,88063,November,2025,Prohibition 37
PECOS VALLEY PRODUCTION INC - APPALOOSA DR RETAIL,"$64,563.34","$60,869.42","$3,693.92",1925 Appaloosa Dr,Sunland Park,NM,88063,November,2025,Pecos Valley Production
OLD GODS CANNABIS INC/ RETAIL APPALOOSA UNIT7,"$141,310.77","$137,649.77","$3,661.00",1541 Appaloosa Unit 7,Sunland Park,NM,88063,November,2025,Old Gods
OBI WAN CANNABIS LLC,"$17,512.68","$16,874.27",$638.41,2167 McNutt Rd suite A,Sunland Park,NM,88063,November,2025,Obi Wan Cannabis
NUVES LLC - RANCH ROAD RETAIL,"$28,835.79","$28,665.00",$170.79,101 Maguey Suite 4,Sunland Park,NM,88063,November,2025,Greens
NEW MEXICO TOP ORGANICS ULTRA HEALTH INC  SUNLAND PARK RETAIL,"$35,537.71","$29,899.64","$5,638.07",1155 McNutt Road,Sunland Park,NM,88063,November,2025,Ultra Health
NEWBERRY FARMS LLC - MCNUTT RD. RETAIL,"$3,802.06","$3,698.43",$103.63,1845 McNutt Rd,Sunland Park,NM,88063,November,2025,Sun City Grow Stand
"NEBRO, LLC","$93,063.76","$90,175.68","$2,888.08",1999 Futurity Drive Unit A,Sunland Park,NM,88063,November,2025,Elevation 3789
J AND J LOAN COMPANY- MCNUTT RETAIL,"$56,940.77","$56,831.34",$109.43,1144 McNutt,Sunland Park,NM,88063,November,2025,Empire Garden
"GREEN LABS CANNABIS COMPANY, LLC- DERBY RD RETAIL","$25,426.17","$25,283.42",$142.75,245 Derby Rd,Sunland Park,NM,88063,November,2025,Green Labs
FIELDS OF DREAMS - SUNLAND PARK RETAIL,"$1,203,442.53","$1,191,451.05","$11,991.48",159 Sunland Park Dr,Sunland Park,NM,88063,November,2025,Field of Dreams
EVEREST APOTHECARY,"$71,007.41","$67,280.08","$3,727.33",1580 Appaloosa Dr Ste 320,Sunland Park,NM,88063,November,2025,Everest
DISPENSARY NEAR ME SUNLAND PARK LLC- MCNUTT RETAIL/CONSUMPTION,"$59,994.29","$57,113.16","$2,881.13",1290 McNutt Rd,Sunland Park,NM,88063,November,2025,Dispensary Near Me
DIABLO BUDS GROW 1 LLC - APPALOOSA STE 6,"$4,793.05","$4,793.05",$0.00,1925 Appaloosa Ste 6,Sunland Park,NM,88063,November,2025,Black Sheep
CHADCOR HOLDINGS NM- RETAIL,"$305,832.43","$291,148.07","$14,684.36",1621 Appaloosa Dr,Sunland Park,NM,88063,November,2025,Cardiel
"CHADCOR HOLDINGS NM, LLC","$1,045,389.56","$1,002,422.46","$42,967.10",1615 Appaloosa Dr,Sunland Park,NM,88063,November,2025,Dark Matter
BLUE WHALE SUNLAND - APPALOOSA ST RETAIL,"$673,647.03","$628,587.67","$45,059.36",1500 Appaloosa St Suite B,Sunland Park,NM,88063,November,2025,Cookies
BESOS LLC/ RETAIL FUTURITY DR,"$45,605.17","$44,591.02","$1,014.15",1805 Futurity Dr,Sunland Park,NM,88603,November,2025,Besos
APOGEE THERAPEUTICS LLC - RETAIL/CONSUMPTION,"$47,771.03","$45,377.57","$2,393.46",1769 Victory Ln,Sunland Park,NM,88063,November,2025,Apogee
TOP OF THE 8TH LLC - ANTHONY DRIVE RETAIL,"$64,032.04","$48,539.62","$15,492.42",401 Anthony Dr Ste B,Anthony,NM,88021,November,2025,Top of the Eighth
"RMC NM, INC - ANTHONY RETAIL","$102,334.10","$87,149.95","$15,184.15",138 Anthony Dr,Anthony,NM,88021,November,2025,Rocky Mountain Cannabis
RH AND MC LLC - MILLER ST RETAIL,"$20,991.34","$17,059.83","$3,931.51",103 Miller St,Anthony,NM,88021,November,2025,Milla Cero
"KUSHOLOGY 101 LLC - OHARA RD, RETAIL","$15,626.91","$15,158.66",$468.25,1600 E OHara Rd,Anthony,NM,88021,November,2025,Kushology 101
STATELINE CANNABIS NM LLC-STEPHANIE RETAIL/CONS,"$13,007.27","$12,043.26",$964.01,101 Stephanie,Chaparral,NM,880081,November,2025,Stateline Cannabis
STATELINE CANNABIS NM LLC - ARCH ANGEL WAY RETAILER/CONSUMPTION,"$180,813.98","$178,727.22","$2,086.76",100 Arch Angel Way,Chaparral,NM,88081,November,2025,High Valley Cannabis
R R HEMPIRE LLC - ANGELINA BLVD RETAIL,"$6,424.71","$6,362.71",$62.00,101 Angelina Blvd,Chaparral,NM,88081,November,2025,Richy Rich
MEDD LLC - PALOMA BLANCA RETAIL,"$75,716.78","$72,987.71","$2,729.07",170 McCombs,Chaparral,NM,88081,November,2025,Pure Medd
GROTH INDUSTRIES LLC - SCHNEBERGER DR RETIAL,"$22,734.82","$20,585.49","$2,149.33",140 Schneberger Dr,Chaparral,NM,88081,November,2025,Groth
"GREEN THERAPY DISPENSARY, LLC","$499,675.81","$467,497.81","$32,178.00","460 County Line Drive, Space F",Chaparral,NM,88081,November,2025,Green Therapy
GANJIKA GARDENS LLC/ RETAIL RILEY WAY,"$20,572.62","$18,798.46","$1,774.16",1245 Riley Way,Chaparral,NM,88081,November,2025,Ganjika Gardens
ASTRO BUDS LLC - MCCOMBS RD RETAIL,"$176,539.61","$164,887.74","$11,651.87",308 McCombs Rd Spc 2,Chaparral,NM,88081,November,2025,Astro Buds Dispensary
AREA 54 DISPENSARY LLC- ANGELINA BLVD RETAIL,"$22,454.45","$19,955.60","$2,498.85",764 Angelina blvd,Chaparral,NM,88081,November,2025,Area 54
575 CANNABIS LLC- RETAIL 305 S COUNTY LINE,"$8,736.43","$8,297.84",$438.59,305 S County Line Dr,Chaparral,NM,88081,November,2025,Uforia
HOUSE OF FLOWERS ON THE BORDER LLC - RETAIL,"$86,767.18","$81,570.42","$5,196.76",1042 State Line,Chapparal,NM,88081,November,2025,House of Flowers
ST CANAPA LLC - MCNUTT RD RETAIL,"$14,146.55","$13,619.51",$527.04,5305 McNutt Rd,Santa Teresa,NM,88008,November,2025,St Canapa
HI LIFE DISPENSARY LLC - MCNUTT RD - RETAIL,"$57,669.27","$49,814.19","$7,855.08",5620 McNutt Rd,Santa Teresa,NM,88008,November,2025,Hi Life
GARDEN OF DREAMS CANNABIS LLC,"$33,248.63","$31,815.95","$1,432.68",5300 Mcnutt Rd,Santa Teresa,NM,88008,November,2025,Garden of Dreams
FRESHIES LLC/ RETAIL MCNUTT RD,"$46,961.69","$43,123.20","$3,838.49",5325 McNutt Rd,Santa Teresa,NM,88008,November,2025,Public Affair
575 CANNABIS LLC- RETAIL 305 S COUNTY LINE,"$7,981.15","$7,466.33",$514.82,305 S County Line Dr,Chaparral,NM,88081,December,2025,Uforia
APOGEE THERAPEUTICS LLC - RETAIL,"$39,862.82","$37,397.27","$2,465.55",1769 Victory Ln,Sunland Park,NM,88063,December,2025,Apogee
AREA 54 DISPENSARY LLC- ANGELINA BLVD RETAIL,"$22,722.78","$19,524.68","$3,198.10",764 Angelina blvd,Chaparral,NM,88081,December,2025,Area 54
ASTRO BUDS LLC - MCCOMBS RD RETAIL,"$175,929.89","$165,699.40","$10,230.49",308 McCombs Rd Spc 2,Chaparral,NM,88081,December,2025,Astro Buds Dispensary
BESOS LLC/ RETAIL FUTURITY DR,"$44,455.00","$43,056.97","$1,398.03",1805 Futurity Dr,Sunland Park,NM,88603,December,2025,Besos
BLUE WHALE SUNLAND - APPALOOSA ST RETAIL,"$689,261.67","$647,866.18","$41,395.49",1500 Appaloosa St Suite B,Sunland Park,NM,88063,December,2025,Cookies
"CHADCOR HOLDINGS NM, LLC","$1,059,331.44","$1,017,731.95","$41,599.49",1615 Appaloosa Dr,Sunland Park,NM,88063,December,2025,Dark Matter
CHADCOR HOLDINGS NM- RETAIL,"$295,177.99","$283,417.04","$11,760.95",1621 Appaloosa Dr,Sunland Park,NM,88063,December,2025,Cardiel
DIABLO BUDS GROW 1 LLC - APPALOOSA STE 6,"$9,633.22","$9,627.22",$6.00,1925 Appaloosa Ste 6,Sunland Park,NM,88063,December,2025,Black Sheep
DISPENSARY NEAR ME SUNLAND PARK LLC- MCNUTT RETAIL/CONSUMPTION,"$74,163.04","$69,636.03","$4,527.01",1290 McNutt Rd,Sunland Park,NM,88063,December,2025,Dispensary Near Me
EVEREST APOTHECARY,"$76,661.58","$72,922.32","$3,739.26",1580 Appaloosa Dr Ste 320,Sunland Park,NM,88063,December,2025,Everest
FIELDS OF DREAMS - SUNLAND PARK RETAIL,"$1,280,583.04","$1,266,953.79","$13,629.25",159 Sunland Park Dr,Sunland Park,NM,88063,December,2025,Field of Dreams
FRESHIES LLC/ RETAIL MCNUTT RD,"$50,550.24","$46,061.79","$4,488.45",5325 McNutt Rd,Santa Teresa,NM,88008,December,2025,Public Affair
GANJIKA GARDENS LLC/ RETAIL RILEY WAY,"$20,019.09","$18,569.00","$1,450.09",1245 Riley Way,Chaparral,NM,88081,December,2025,Ganjika Gardens
GARDEN OF DREAMS CANNABIS LLC,"$36,824.05","$34,670.35","$2,153.70",5300 Mcnutt Rd,Santa Teresa,NM,88008,December,2025,Garden of Dreams
"GREEN LABS CANNABIS COMPANY, LLC- DERBY RD RETAIL","$22,739.98","$22,689.13",$50.85,245 Derby Rd,Sunland Park,NM,88063,December,2025,Green Labs
"GREEN THERAPY DISPENSARY, LLC","$544,741.11","$510,508.11","$34,233.00","460 County Line Drive, Space F",Chaparral,NM,88081,December,2025,Green Therapy
GROTH INDUSTRIES LLC - SCHNEBERGER DR RETIAL,"$34,453.09","$31,501.15","$2,951.94",140 Schneberger Dr,Chaparral,NM,88081,December,2025,Groth
HI LIFE DISPENSARY LLC - MCNUTT RD - RETAIL,"$58,764.96","$52,177.51","$6,587.45",5620 McNutt Rd,Santa Teresa,NM,88008,December,2025,Hi Life
HOUSE OF FLOWERS ON THE BORDER LLC - RETAIL,"$95,378.56","$89,718.16","$5,660.40",1042 State Line,Chapparal,NM,88081,December,2025,House of Flowers
J AND J LOAN COMPANY- MCNUTT RETAIL,"$53,016.39","$52,265.89",$750.50,1144 McNutt,Sunland Park,NM,88063,December,2025,Empire Garden
"KUSHOLOGY 101 LLC - OHARA RD, RETAIL","$13,252.72","$12,877.26",$375.46,1600 E OHara Rd,Anthony,NM,88021,December,2025,Kushology 101
MEDD LLC - PALOMA BLANCA RETAIL,"$76,418.60","$73,431.57","$2,987.03",170 McCombs,Chaparral,NM,88081,December,2025,Pure Medd
"NEBRO, LLC","$88,583.66","$85,655.16","$2,928.50",1999 Futurity Drive Unit A,Sunland Park,NM,88063,December,2025,Elevation 3789
NEWBERRY FARMS LLC - MCNUTT RD. RETAIL,"$5,996.91","$5,837.38",$159.53,1845 McNutt Rd,Sunland Park,NM,88063,December,2025,Sun City Grow Stand
NEW MEXICO TOP ORGANICS ULTRA HEALTH INC  SUNLAND PARK RETAIL,"$34,415.60","$28,959.36","$5,456.24",1155 McNutt Road,Sunland Park,NM,88063,December,2025,Ultra Health
NUVES LLC - RANCH ROAD RETAIL,"$27,777.64","$27,657.64",$120.00,101 Maguey Suite 4,Sunland Park,NM,88063,December,2025,Greens
OBI WAN CANNABIS LLC,"$15,711.89","$14,496.66","$1,215.23",2167 McNutt Rd suite A,Sunland Park,NM,88063,December,2025,Obi Wan Cannabis
OLD GODS CANNABIS INC/ RETAIL APPALOOSA UNIT7,"$137,597.87","$134,135.87","$3,462.00",1541 Appaloosa Unit 7,Sunland Park,NM,88063,December,2025,Old Gods
PECOS VALLEY PRODUCTION INC - APPALOOSA DR RETAIL,"$68,269.03","$62,307.43","$5,961.60",1925 Appaloosa Dr,Sunland Park,NM,88063,December,2025,Pecos Valley Production
PROHIBITION 37 - MCNUTT RD RETAIL,"$109,098.39","$98,275.31","$10,823.08",871 McNutt Rd,Sunland Park,NM,88063,December,2025,Prohibition 37
PURLIFE - 900 COUNTRY CLUB RD RETAIL,"$41,119.56","$37,023.54","$4,096.02",900 Country Club Rd,Sunland Park,NM,88008,December,2025,PurLife
"R GREENLEAF ORGANICS INC/ RETAIL APPALOOSA UNIT 1,2","$94,702.63","$87,981.11","$6,721.52","1541 Appaloosas Unit 1, 2, Crossing Offices",Sunland Park,NM,88063,December,2025,R Greenleaf
RH AND MC LLC - MILLER ST RETAIL,"$20,434.02","$17,093.67","$3,340.35",103 Miller St,Anthony,NM,88021,December,2025,Milla Cero
"RMC NM, INC - ANTHONY RETAIL","$109,170.21","$94,006.70","$15,163.51",138 Anthony Dr,Anthony,NM,88021,December,2025,Rocky Mountain Cannabis
"ROUND HOUSE RESERVE, LLC - MCNUTT DR RETAIL","$13,382.93","$12,251.39","$1,131.54",1165 McNutt Dr Unit C5,Sunland Park,NM,88063,December,2025,Round House Reserve
R R HEMPIRE LLC - ANGELINA BLVD RETAIL,"$5,726.66","$5,665.65",$61.01,101 Angelina Blvd,Chaparral,NM,88081,December,2025,Richy Rich
SCORE 420 - MCNUTT RETAIL,"$58,863.15","$55,191.10","$3,672.05",2355 McNutt Road,Sunland Park,NM,88063,December,2025,Score 420
STATELINE CANNABIS NM LLC - ARCH ANGEL WAY RETAILER/CONSUMPTION,"$202,845.48","$200,060.15","$2,785.33",100 Arch Angel Way,Chaparral,NM,88081,December,2025,High Valley Cannabis
STATELINE CANNABIS NM LLC-STEPHANIE RETAIL/CONS,"$2,973.55","$2,809.39",$164.16,101 Stephanie,Chaparral,NM,880081,December,2025,Stateline Cannabis
ST CANAPA LLC - MCNUTT RD RETAIL,"$13,125.05","$12,708.68",$416.37,5305 McNutt Rd,Santa Teresa,NM,88008,December,2025,St Canapa
SUNLAND MCNUTT GROUP LLC- MCNUTT RD RETAIL,"$1,247,302.85","$1,203,423.19","$43,879.66",1051 McNutt Rd,Sunland Park,NM,88063,December,2025,Mango Cannabis
SUNSHINE ESSENTIALS/ RETAIL MCNUTT,"$3,024.54","$2,623.69",$400.85,267 Anapra Rd,Sunland Park,NM,88063,December,2025,Sunshine Essentials
TOKE IT UP DISPENSARY AND LOUNGE LLC- FUTURITY DRIVE RETAIL,"$11,633.99","$9,808.84","$1,825.15",1999 Futurity Drive,Sunland Park,NM,88063,December,2025,Toke It Up
TOP OF THE 8TH LLC - ANTHONY DRIVE RETAIL,"$64,851.04","$51,183.33","$13,667.71",401 Anthony Dr Ste B,Anthony,NM,88021,December,2025,Top of the Eighth
URBAN WELLNESS - APPALOOSA DR RETAILER,"$63,972.31","$61,084.80","$2,887.51",1500 Appaloosa Dr Bldg A Ste 140,Sunland Park,NM,88063,December,2025,Urban Wellness
575 CANNABIS LLC- RETAIL 305 S COUNTY LINE,"$6,081.78","$5,604.16",$477.62,305 S County Line Dr,Chaparral,NM,88081,January,2026,Uforia
APOGEE THERAPEUTICS LLC - RETAIL,"$38,600.64","$36,058.57","$2,542.07",1769 Victory Ln,Sunland Park,NM,88063,January,2026,Apogee
AREA 54 DISPENSARY LLC- ANGELINA BLVD RETAIL,"$22,655.40","$19,641.94","$3,013.46",764 Angelina blvd,Chaparral,NM,88081,January,2026,Area 54
ASTRO BUDS LLC - MCCOMBS RD RETAIL,"$168,109.99","$160,207.14","$7,902.85",308 McCombs Rd Spc 2,Chaparral,NM,88081,January,2026,Astro Buds Dispensary
BESOS LLC/ RETAIL FUTURITY DR,"$38,163.45","$36,439.46","$1,723.99",1805 Futurity Dr,Sunland Park,NM,88603,January,2026,Besos
BLUE WHALE SUNLAND - APPALOOSA ST RETAIL,"$694,853.82","$650,009.43","$44,844.39",1500 Appaloosa St Suite B,Sunland Park,NM,88063,January,2026,Cookies
"CHADCOR HOLDINGS NM, LLC","$999,067.49","$963,522.23","$35,545.26",1615 Appaloosa Dr,Sunland Park,NM,88063,January,2026,Dark Matter
CHADCOR HOLDINGS NM- RETAIL,"$282,619.72","$268,963.87","$13,655.85",1621 Appaloosa Dr,Sunland Park,NM,88063,January,2026,Cardiel
DIABLO BUDS GROW 1 LLC - APPALOOSA STE 6,"$8,503.27","$8,479.27",$24.00,1925 Appaloosa Ste 6,Sunland Park,NM,88063,January,2026,Black Sheep
DISPENSARY NEAR ME SUNLAND PARK LLC- MCNUTT RETAIL/CONSUMPTION,"$67,659.06","$64,337.31","$3,321.75",1290 McNutt Rd,Sunland Park,NM,88063,January,2026,Dispensary Near Me
EVEREST APOTHECARY,"$76,590.93","$71,395.57","$5,195.36",1580 Appaloosa Dr Ste 320,Sunland Park,NM,88063,January,2026,Everest
FIELDS OF DREAMS - SUNLAND PARK RETAIL,"$1,203,805.61","$1,193,081.15","$10,724.46",159 Sunland Park Dr,Sunland Park,NM,88063,January,2026,Field of Dreams
FRESHIES LLC/ RETAIL MCNUTT RD,"$40,889.19","$37,979.44","$2,909.75",5325 McNutt Rd,Santa Teresa,NM,88008,January,2026,Public Affair
GANJIKA GARDENS LLC/ RETAIL RILEY WAY,"$19,653.60","$18,099.72","$1,553.88",1245 Riley Way,Chaparral,NM,88081,January,2026,Ganjika Gardens
GARDEN OF DREAMS CANNABIS LLC,"$35,289.82","$31,819.80","$3,470.02",5300 Mcnutt Rd,Santa Teresa,NM,88008,January,2026,Garden of Dreams
"GREEN LABS CANNABIS COMPANY, LLC- DERBY RD RETAIL","$21,570.64","$21,465.59",$105.05,245 Derby Rd,Sunland Park,NM,88063,January,2026,Green Labs
"GREEN THERAPY DISPENSARY, LLC","$522,266.00","$489,640.00","$32,626.00","460 County Line Drive, Space F",Chaparral,NM,88081,January,2026,Green Therapy
GROTH INDUSTRIES LLC - SCHNEBERGER DR RETIAL,"$32,974.06","$30,734.62","$2,239.44",140 Schneberger Dr,Chaparral,NM,88081,January,2026,Groth
HI LIFE DISPENSARY LLC - MCNUTT RD - RETAIL,"$58,146.33","$48,893.58","$9,252.75",5620 McNutt Rd,Santa Teresa,NM,88008,January,2026,Hi Life
HOUSE OF FLOWERS ON THE BORDER LLC - RETAIL,"$91,354.47","$84,920.52","$6,433.95",1042 State Line,Chapparal,NM,88081,January,2026,House of Flowers
J AND J LOAN COMPANY- MCNUTT RETAIL,"$49,825.18","$49,485.68",$339.50,1144 McNutt,Sunland Park,NM,88063,January,2026,Empire Garden
"KUSHOLOGY 101 LLC - OHARA RD, RETAIL","$9,619.69","$9,417.33",$202.36,1600 E OHara Rd,Anthony,NM,88021,January,2026,Kushology 101
MEDD LLC - PALOMA BLANCA RETAIL,"$60,227.31","$57,839.31","$2,388.00",170 McCombs,Chaparral,NM,88081,January,2026,Pure Medd
"NEBRO, LLC","$80,478.27","$78,176.77","$2,301.50",1999 Futurity Drive Unit A,Sunland Park,NM,88063,January,2026,Elevation 3789
NEWBERRY FARMS LLC - MCNUTT RD. RETAIL,"$5,381.17","$4,945.39",$435.78,1845 McNutt Rd,Sunland Park,NM,88063,January,2026,Sun City Grow Stand
NEW MEXICO TOP ORGANICS ULTRA HEALTH INC  SUNLAND PARK RETAIL,"$30,700.44","$25,603.72","$5,096.72",1155 McNutt Road,Sunland Park,NM,88063,January,2026,Ultra Health
NUVES LLC - RANCH ROAD RETAIL,"$26,313.06","$26,227.25",$85.81,101 Maguey Suite 4,Sunland Park,NM,88063,January,2026,Greens
OBI WAN CANNABIS LLC,"$16,004.14","$14,554.67","$1,449.47",2167 McNutt Rd suite A,Sunland Park,NM,88063,January,2026,Obi Wan Cannabis
OLD GODS CANNABIS INC/ RETAIL APPALOOSA UNIT7,"$132,399.34","$128,291.34","$4,108.00",1541 Appaloosa Unit 7,Sunland Park,NM,88063,January,2026,Old Gods
PECOS VALLEY PRODUCTION INC - APPALOOSA DR RETAIL,"$39,535.05","$37,858.57","$1,676.48",1925 Appaloosa Dr,Sunland Park,NM,88063,January,2026,Pecos Valley Production
PROHIBITION 37 - MCNUTT RD RETAIL,"$104,662.67","$93,685.53","$10,977.14",871 McNutt Rd,Sunland Park,NM,88063,January,2026,Prohibition 37
PURLIFE - 900 COUNTRY CLUB RD RETAIL,"$68,924.63","$62,695.63","$6,229.00",900 Country Club Rd,Sunland Park,NM,88008,January,2026,PurLife
"R GREENLEAF ORGANICS INC/ RETAIL APPALOOSA UNIT 1,2","$93,989.98","$88,869.36","$5,120.62","1541 Appaloosas Unit 1, 2, Crossing Offices",Sunland Park,NM,88063,January,2026,R Greenleaf
RH AND MC LLC - MILLER ST RETAIL,"$24,241.16","$20,386.00","$3,855.16",103 Miller St,Anthony,NM,88021,January,2026,Milla Cero
"RMC NM, INC - ANTHONY RETAIL","$90,464.13","$79,636.91","$10,827.22",816 Anthony Dr,Anthony,NM,88021,January,2026,Rocky Mountain Cannabis
"ROUND HOUSE RESERVE, LLC - MCNUTT DR RETAIL","$12,557.42","$11,402.33","$1,155.09",1165 McNutt Dr Unit C5,Sunland Park,NM,88063,January,2026,Round House Reserve
R R HEMPIRE LLC - ANGELINA BLVD RETAIL,"$4,872.18","$4,782.34",$89.84,101 Angelina Blvd,Chaparral,NM,88081,January,2026,Richy Rich
SCORE 420 - MCNUTT RETAIL,"$49,581.92","$46,362.35","$3,219.57",2355 McNutt Road,Sunland Park,NM,88063,January,2026,Score 420
STATELINE CANNABIS NM LLC - ARCH ANGEL WAY RETAILER/CONSUMPTION,"$206,363.74","$201,707.39","$4,656.35",100 Arch Angel Way,Chaparral,NM,88081,January,2026,High Valley Cannabis
STATELINE CANNABIS NM LLC- STEPHANIE RETAIL,"$10,335.81","$9,364.12",$971.69,101 Stephanie,Chaparral,NM,88081,January,2026,Stateline Cannabis
STATELINE CANNABIS NM LLC-STEPHANIE RETAIL/CONS,"$2,566.14","$2,545.18",$20.96,101 Stephanie,Chaparral,NM,88081,January,2026,Stateline Cannabis
ST CANAPA LLC - MCNUTT RD RETAIL,"$13,984.83","$13,251.69",$733.14,5305 McNutt Rd,Santa Teresa,NM,88008,January,2026,St Canapa
SUNLAND MCNUTT GROUP LLC- MCNUTT RD RETAIL,"$1,110,326.13","$1,072,896.34","$37,429.79",1051 McNutt Rd,Sunland Park,NM,88063,January,2026,Mango Cannabis
SUNSHINE ESSENTIALS/ RETAIL MCNUTT,"$3,677.39","$3,279.85",$397.53,267 Anapra Rd,Sunland Park,NM,88063,January,2026,Sunshine Essentials
TOKE IT UP DISPENSARY AND LOUNGE LLC- FUTURITY DRIVE RETAIL,"$15,430.78","$13,716.44","$1,714.34",1999 Futurity Drive,Sunland Park,NM,88063,January,2026,Toke It Up
TOP OF THE 8TH LLC - ANTHONY DRIVE RETAIL,"$64,674.26","$52,938.48","$11,735.78",401 Anthony Dr Ste B,Anthony,NM,88021,January,2026,Top of the Eighth
URBAN WELLNESS - APPALOOSA DR RETAILER,"$110,567.17","$104,914.73","$5,652.44",1500 Appaloosa Dr Bldg A Ste 140,Sunland Park,NM,88063,January,2026,Urban Wellness
575 CANNABIS LLC- RETAIL 305 S COUNTY LINE,"$5,082.18","$4,466.14",$616.04,305 S County Line Dr,Chaparral,NM,88081,February,2026,Uforia
APOGEE THERAPEUTICS LLC - RETAIL,"$30,883.28","$29,478.89","$1,404.39",1769 Victory Ln,Sunland Park,NM,88063,February,2026,Apogee
AREA 54 DISPENSARY LLC- ANGELINA BLVD RETAIL,"$24,341.84","$20,140.11","$4,201.73",764 Angelina blvd,Chaparral,NM,88081,February,2026,Area 54
ASTRO BUDS LLC - APPALOOSA DRIVE CONSUMPTION / RETAIL,"$160,692.06","$152,212.48","$8,479.58",1650 Appaloosa Drive,Sunland Park,NM,88063,February,2026,Astro Buds Dispensary & Lounge
ASTRO BUDS LLC - MCCOMBS RD RETAIL,"$140,280.66","$133,738.46","$6,542.20",308 McCombs Rd Spc 2,Chaparral,NM,88081,February,2026,Astro Buds Dispensary
BESOS LLC/ RETAIL FUTURITY DR,"$37,632.97","$36,923.77",$709.20,1805 Futurity Dr,Sunland Park,NM,88603,February,2026,Besos
BLUE WHALE SUNLAND - APPALOOSA ST RETAIL,"$692,110.95","$647,802.10","$44,308.85",1500 Appaloosa St Suite B,Sunland Park,NM,88063,February,2026,Cookies
"CHADCOR HOLDINGS NM, LLC","$914,582.34","$883,715.39","$30,866.95",1615 Appaloosa Dr,Sunland Park,NM,88063,February,2026,Dark Matter
CHADCOR HOLDINGS NM- RETAIL,"$261,359.63","$250,379.12","$10,980.51",1621 Appaloosa Dr,Sunland Park,NM,88063,February,2026,Cardiel
DIABLO BUDS GROW 1 LLC - APPALOOSA STE 6,"$3,859.04","$3,823.03",$36.01,1925 Appaloosa Ste 6,Sunland Park,NM,88063,February,2026,Black Sheep
DISPENSARY NEAR ME SUNLAND PARK LLC- MCNUTT RETAIL/CONSUMPTION,"$64,234.10","$60,381.19","$3,852.91",1290 McNutt Rd,Sunland Park,NM,88063,February,2026,Dispensary Near Me
EVEREST APOTHECARY,"$67,907.97","$63,667.05","$4,240.92",1580 Appaloosa Dr Ste 320,Sunland Park,NM,88063,February,2026,Everest
FIELDS OF DREAMS - SUNLAND PARK RETAIL,"$1,075,152.01","$1,062,564.91","$12,587.10",159 Sunland Park Dr,Sunland Park,NM,88063,February,2026,Field of Dreams
FRESHIES LLC/ RETAIL MCNUTT RD,"$38,146.75","$34,192.70","$3,954.05",5325 McNutt Rd,Santa Teresa,NM,88008,February,2026,Public Affair
GANJIKA GARDENS LLC/ RETAIL RILEY WAY,"$18,207.08","$17,248.56",$958.52,1245 Riley Way,Chaparral,NM,88081,February,2026,Ganjika Gardens
GARDEN OF DREAMS CANNABIS LLC,"$29,640.08","$27,512.76","$2,127.32",5300 Mcnutt Rd,Santa Teresa,NM,88008,February,2026,Garden of Dreams
"GREEN LABS CANNABIS COMPANY, LLC- DERBY RD RETAIL","$6,554.19","$6,502.49",$51.70,245 Derby Rd,Sunland Park,NM,88063,February,2026,Green Labs
"GREEN THERAPY DISPENSARY, LLC","$462,042.00","$435,154.00","$26,888.00","460 County Line Drive, Space F",Chaparral,NM,88081,February,2026,Green Therapy
GROTH INDUSTRIES LLC - SCHNEBERGER DR RETIAL,"$34,153.76","$31,914.51","$2,239.25",140 Schneberger Dr,Chaparral,NM,88081,February,2026,Groth
HI LIFE DISPENSARY LLC - MCNUTT RD - RETAIL,"$59,683.47","$51,718.23","$7,965.24",5620 McNutt Rd,Santa Teresa,NM,88008,February,2026,Hi Life
HOUSE OF FLOWERS ON THE BORDER LLC - RETAIL,"$90,438.85","$85,517.90","$4,920.95",1042 State Line,Chapparal,NM,88081,February,2026,House of Flowers
J AND J LOAN COMPANY- MCNUTT RETAIL,"$45,534.07","$44,989.64",$544.43,1144 McNutt,Sunland Park,NM,88063,February,2026,Empire Garden
"KUSHOLOGY 101 LLC - OHARA RD, RETAIL","$11,410.10","$10,983.69",$426.41,1600 E OHara Rd,Anthony,NM,88021,February,2026,Kushology 101
MCMC - MILLER - RETAILER,"$5,589.40","$4,651.27",$938.13,103 Miller Street,Anthony,NM,88021,February,2026,Milla Cero
MEDD LLC - PALOMA BLANCA RETAIL,"$46,299.93","$45,110.59","$1,189.34",170 McCombs,Chaparral,NM,88081,February,2026,Pure Medd
"NEBRO, LLC","$64,914.21","$63,233.21","$1,681.00",1999 Futurity Drive Unit A,Sunland Park,NM,88063,February,2026,Elevation 3789
NEWBERRY FARMS LLC - MCNUTT RD. RETAIL,"$6,262.39","$5,500.56",$761.83,1845 McNutt Rd,Sunland Park,NM,88063,February,2026,Sun City Grow Stand
NEW MEXICO TOP ORGANICS ULTRA HEALTH INC  SUNLAND PARK RETAIL,"$28,778.06","$24,873.28","$3,904.78",1155 McNutt Road,Sunland Park,NM,88063,February,2026,Ultra Health
NUVES LLC - RANCH ROAD RETAIL,"$23,213.82","$23,128.56",$85.26,101 Maguey Suite 4,Sunland Park,NM,88063,February,2026,Greens
OBI WAN CANNABIS LLC,"$15,162.46","$13,980.12","$1,182.34",2167 McNutt Rd suite A,Sunland Park,NM,88063,February,2026,Obi Wan Cannabis
OLD GODS CANNABIS INC/ RETAIL APPALOOSA UNIT7,"$122,611.45","$119,253.45","$3,358.00",1541 Appaloosa Unit 7,Sunland Park,NM,88063,February,2026,Old Gods
PECOS VALLEY PRODUCTION INC - APPALOOSA DR RETAIL,"$35,708.78","$33,600.99","$2,107.79",1925 Appaloosa Dr,Sunland Park,NM,88063,February,2026,Pecos Valley Production
PROHIBITION 37 - MCNUTT RD RETAIL,"$105,149.02","$93,086.67","$12,062.35",871 McNutt Rd,Sunland Park,NM,88063,February,2026,Prohibition 37
PURLIFE - 900 COUNTRY CLUB RD RETAIL,"$76,012.00","$68,580.00","$7,432.00",900 Country Club Rd,Sunland Park,NM,88008,February,2026,PurLife
"R GREENLEAF ORGANICS INC/ RETAIL APPALOOSA UNIT 1,2","$90,309.77","$84,659.24","$5,650.53","1541 Appaloosas Unit 1, 2, Crossing Offices",Sunland Park,NM,88063,February,2026,R Greenleaf
RH AND MC LLC - MILLER ST RETAIL,"$16,324.88","$14,020.98","$2,303.90",103 Miller St,Anthony,NM,88021,February,2026,Milla Cero
"RMC NM, INC - ANTHONY RETAIL","$69,282.02","$56,095.38","$13,186.64",816 Anthony Dr,Anthony,NM,88021,February,2026,Rocky Mountain Cannabis
"ROUND HOUSE RESERVE, LLC - MCNUTT DR RETAIL","$14,580.17","$13,644.14",$936.03,1165 McNutt Dr Unit C5,Sunland Park,NM,88063,February,2026,Round House Reserve
R R HEMPIRE LLC - ANGELINA BLVD RETAIL,"$2,930.12","$2,921.76",$8.36,101 Angelina Blvd,Chaparral,NM,88081,February,2026,Richy Rich
SCORE 420 - MCNUTT RETAIL,"$47,072.61","$43,737.37","$3,335.24",2355 McNutt Road,Sunland Park,NM,88063,February,2026,Score 420
STATELINE CANNABIS NM LLC - ARCH ANGEL WAY RETAILER/CONSUMPTION,"$194,300.09","$190,953.51","$3,346.58",100 Arch Angel Way,Chaparral,NM,88081,February,2026,High Valley Cannabis
STATELINE CANNABIS NM LLC- STEPHANIE RETAIL,"$14,669.88","$14,025.70",$644.18,101 Stephanie,Chaparral,NM,88081,February,2026,Stateline Cannabis
ST CANAPA LLC - MCNUTT RD RETAIL,"$12,006.92","$11,874.09",$132.83,5305 McNutt Rd,Santa Teresa,NM,88008,February,2026,St Canapa
SUNLAND MCNUTT GROUP LLC- MCNUTT RD RETAIL,"$1,107,677.98","$1,065,005.25","$42,672.73",1051 McNutt Rd,Sunland Park,NM,88063,February,2026,Mango Cannabis
SUNSHINE ESSENTIALS/ RETAIL MCNUTT,"$4,449.01","$3,790.93",$658.08,267 Anapra Rd,Sunland Park,NM,88063,February,2026,Sunshine Essentials
TOKE IT UP DISPENSARY AND LOUNGE LLC- FUTURITY DRIVE RETAIL,"$16,773.59","$15,771.81","$1,001.78",1999 Futurity Drive,Sunland Park,NM,88063,February,2026,Toke It Up
TOP OF THE 8TH LLC - ANTHONY DRIVE RETAIL,"$76,443.80","$63,716.14","$12,727.66",401 Anthony Dr Ste B,Anthony,NM,88021,February,2026,Top of the Eighth
URBAN WELLNESS - APPALOOSA DR RETAILER,"$92,541.06","$87,190.63","$5,350.43",1500 Appaloosa Dr Bldg A Ste 140,Sunland Park,NM,88063,February,2026,Urban Wellness
575 CANNABIS LLC- RETAIL 305 S COUNTY LINE,"$3,489.12","$2,545.08",$944.04,305 S County Line Dr,Chaparral,NM,88081,March,2026,Uforia
APOGEE THERAPEUTICS LLC - RETAIL,"$33,276.92","$31,972.60","$1,304.32",1769 Victory Ln,Sunland Park,NM,88063,March,2026,Apogee
AREA 54 DISPENSARY LLC- ANGELINA BLVD RETAIL,"$27,398.11","$22,911.93","$4,486.18",764 Angelina blvd,Chaparral,NM,88081,March,2026,Area 54
ASTRO BUDS LLC - APPALOOSA DRIVE CONSUMPTION / RETAIL,"$277,727.78","$265,598.08","$12,129.70",1650 Appaloosa Drive,Sunland Park,NM,88063,March,2026,Astro Buds Dispensary & Lounge
ASTRO BUDS LLC - MCCOMBS RD RETAIL,"$132,269.20","$124,035.96","$8,233.24",308 McCombs Rd Spc 2,Chaparral,NM,88081,March,2026,Astro Buds Dispensary
BESOS LLC/ RETAIL FUTURITY DR,"$41,075.97","$39,470.47","$1,605.50",1805 Futurity Dr,Sunland Park,NM,88603,March,2026,Besos
BLUE WHALE SUNLAND - APPALOOSA ST RETAIL,"$731,587.56","$679,920.68","$51,666.88",1500 Appaloosa St Suite B,Sunland Park,NM,88063,March,2026,Cookies
"CHADCOR HOLDINGS NM, LLC","$943,089.68","$910,454.09","$32,635.59",1615 Appaloosa Dr,Sunland Park,NM,88063,March,2026,Dark Matter
CHADCOR HOLDINGS NM- RETAIL,"$292,510.85","$280,033.28","$12,477.57",1621 Appaloosa Dr,Sunland Park,NM,88063,March,2026,Cardiel
DIABLO BUDS GROW 1 LLC - APPALOOSA STE 6,"$8,848.69","$8,842.69",$6.00,1925 Appaloosa Ste 6,Sunland Park,NM,88063,March,2026,Black Sheep
DISPENSARY NEAR ME SUNLAND PARK LLC- MCNUTT RETAIL/CONSUMPTION,"$67,660.19","$64,607.86","$3,052.33",1290 McNutt Rd,Sunland Park,NM,88063,March,2026,Dispensary Near Me
EVEREST APOTHECARY,"$60,396.65","$56,226.02","$4,170.63",1580 Appaloosa Dr Ste 320,Sunland Park,NM,88063,March,2026,Everest
FIELDS OF DREAMS - SUNLAND PARK RETAIL,"$1,150,122.19","$1,137,337.65","$12,784.54",159 Sunland Park Dr,Sunland Park,NM,88063,March,2026,Field of Dreams
FRESHIES LLC/ RETAIL MCNUTT RD,"$46,172.34","$43,550.04","$2,622.30",5325 McNutt Rd,Santa Teresa,NM,88008,March,2026,Public Affair
GANJIKA GARDENS LLC/ RETAIL RILEY WAY,"$18,723.38","$17,207.22","$1,516.16",1245 Riley Way,Chaparral,NM,88081,March,2026,Ganjika Gardens
GARDEN OF DREAMS CANNABIS LLC,"$34,220.27","$31,054.37","$3,165.90",5300 Mcnutt Rd,Santa Teresa,NM,88008,March,2026,Garden of Dreams
"GREEN THERAPY DISPENSARY, LLC","$509,742.00","$483,364.00","$26,378.00","460 County Line Drive, Space F",Chaparral,NM,88081,March,2026,Green Therapy
GROTH INDUSTRIES LLC - SCHNEBERGER DR RETIAL,"$30,446.47","$27,865.75","$2,580.72",140 Schneberger Dr,Chaparral,NM,88081,March,2026,Groth
HI LIFE DISPENSARY LLC - MCNUTT RD - RETAIL,"$73,563.13","$61,553.20","$12,009.93",5620 McNutt Rd,Santa Teresa,NM,88008,March,2026,Hi Life
HOUSE OF FLOWERS ON THE BORDER LLC - RETAIL,"$99,288.21","$92,292.53","$6,995.68",1042 State Line,Chapparal,NM,88081,March,2026,House of Flowers
J AND J LOAN COMPANY- MCNUTT RETAIL,"$47,797.49","$47,474.49",$323.00,1144 McNutt,Sunland Park,NM,88063,March,2026,Empire Garden
"KUSHOLOGY 101 LLC - OHARA RD, RETAIL","$11,989.73","$11,717.56",$272.17,1600 E OHara Rd,Anthony,NM,88021,March,2026,Kushology 101
MCMC - MILLER - RETAILER,"$26,668.34","$23,476.61","$3,191.73",103 Miller Street,Anthony,NM,88021,March,2026,Milla Cero
MEDD LLC - PALOMA BLANCA RETAIL,"$26,345.00","$25,986.40",$358.60,170 McCombs,Chaparral,NM,88081,March,2026,Pure Medd
"NEBRO, LLC","$75,869.33","$74,321.33","$1,548.00",1999 Futurity Drive Unit A,Sunland Park,NM,88063,March,2026,Elevation 3789
NEWBERRY FARMS LLC - MCNUTT RD. RETAIL,"$10,846.56","$9,114.56","$1,732.00",1845 McNutt Rd,Sunland Park,NM,88063,March,2026,Sun City Grow Stand
NEW MEXICO TOP ORGANICS ULTRA HEALTH INC  SUNLAND PARK RETAIL,"$29,968.19","$25,677.19","$4,291.00",1155 McNutt Road,Sunland Park,NM,88063,March,2026,Ultra Health
NUVES LLC - RANCH ROAD RETAIL,"$22,514.46","$22,455.46",$59.00,101 Maguey Suite 4,Sunland Park,NM,88063,March,2026,Greens
OBI WAN CANNABIS LLC,"$19,769.55","$18,179.17","$1,590.38",2167 McNutt Rd suite A,Sunland Park,NM,88063,March,2026,Obi Wan Cannabis
OLD GODS CANNABIS INC/ RETAIL APPALOOSA UNIT7,"$129,728.88","$125,708.88","$4,020.00",1541 Appaloosa Unit 7,Sunland Park,NM,88063,March,2026,Old Gods
PECOS VALLEY PRODUCTION INC - APPALOOSA DR RETAIL,"$36,920.13","$34,825.67","$2,094.46",1925 Appaloosa Dr,Sunland Park,NM,88063,March,2026,Pecos Valley Production
PROHIBITION 37 - MCNUTT RD RETAIL,"$120,299.01","$105,957.34","$14,341.67",871 McNutt Rd,Sunland Park,NM,88063,March,2026,Prohibition 37
PURLIFE - 900 COUNTRY CLUB RD RETAIL,"$46,690.50","$43,311.50","$3,379.00",900 Country Club Rd,Sunland Park,NM,88008,March,2026,PurLife
"R GREENLEAF ORGANICS INC/ RETAIL APPALOOSA UNIT 1,2","$74,117.90","$69,652.27","$4,465.63","1541 Appaloosas Unit 1, 2, Crossing Offices",Sunland Park,NM,88063,March,2026,R Greenleaf
"RMC NM, INC - ANTHONY RETAIL","$75,586.76","$62,259.95","$13,326.81",816 Anthony Dr,Anthony,NM,88021,March,2026,Rocky Mountain Cannabis
"ROUND HOUSE RESERVE, LLC - MCNUTT DR RETAIL","$14,487.79","$13,523.01",$964.78,1165 McNutt Dr Unit C5,Sunland Park,NM,88063,March,2026,Round House Reserve
R R HEMPIRE LLC - ANGELINA BLVD RETAIL,"$2,395.80","$2,369.04",$26.76,101 Angelina Blvd,Chaparral,NM,88081,March,2026,Richy Rich
SCORE 420 - MCNUTT RETAIL,"$37,576.03","$35,111.88","$2,464.15",2355 McNutt Road,Sunland Park,NM,88063,March,2026,Score 420
STATELINE CANNABIS NM LLC - ARCH ANGEL WAY RETAILER/CONSUMPTION,"$214,787.12","$211,554.50","$3,232.62",100 Arch Angel Way,Chaparral,NM,88081,March,2026,High Valley Cannabis
STATELINE CANNABIS NM LLC- STEPHANIE RETAIL,"$24,560.19","$23,439.66","$1,120.53",101 Stephanie,Chaparral,NM,88081,March,2026,Stateline Cannabis
ST CANAPA LLC - MCNUTT RD RETAIL,"$3,676.42","$3,586.79",$89.63,5305 McNutt Rd,Santa Teresa,NM,88008,March,2026,St Canapa
SUNLAND MCNUTT GROUP LLC- MCNUTT RD RETAIL,"$1,204,312.91","$1,164,850.06","$39,462.84",1051 McNutt Rd,Sunland Park,NM,88063,March,2026,Mango Cannabis
SUNSHINE ESSENTIALS/ RETAIL MCNUTT,"$4,867.42","$3,913.40",$954.01,267 Anapra Rd,Sunland Park,NM,88063,March,2026,Sunshine Essentials
TOKE IT UP DISPENSARY AND LOUNGE LLC- FUTURITY DRIVE RETAIL,"$17,867.40","$17,268.75",$598.65,1999 Futurity Drive,Sunland Park,NM,88063,March,2026,Toke It Up
TOP OF THE 8TH LLC - ANTHONY DRIVE RETAIL,"$76,961.49","$65,039.17","$11,922.32",401 Anthony Dr Ste B,Anthony,NM,88021,March,2026,Top of the Eighth
URBAN WELLNESS - APPALOOSA DR RETAILER,"$101,377.81","$96,220.57","$5,157.24",1500 Appaloosa Dr Bldg A Ste 140,Sunland Park,NM,88063,March,2026,Urban Wellness
VIREO HEALTH OF LC - APPALOOSA - RETAILER,"$11,585.95","$10,900.75",$685.20,"1580 Appaloosa Dr., Suite 320",Sunland Park,NM,88063,March,2026,Everest
VIREO OF SANTA FE - APPALOOSA - RETAIL,"$15,454.64","$14,656.98",$797.66,"1541 Appaloosa Dr., Unit 2",Sunland Park,NM,88063,March,2026,Everyday Weed
575 CANNABIS LLC- RETAIL 305 S COUNTY LINE,"$2,326.46","$1,135.51","$1,190.95",305 S County Line Dr,Chaparral,NM,88081,April,2026,Uforia
APOGEE THERAPEUTICS LLC - RETAIL,"$40,107.62","$36,749.13","$3,358.49",1769 Victory Ln,Sunland Park,NM,88063,April,2026,Apogee
AREA 54 DISPENSARY LLC- ANGELINA BLVD RETAIL,"$31,269.64","$26,755.78","$4,513.86",764 Angelina blvd,Chaparral,NM,88081,April,2026,Area 54
ASTRO BUDS LLC - APPALOOSA DRIVE CONSUMPTION / RETAIL,"$293,587.51","$280,435.57","$13,151.94",1650 Appaloosa Drive,Sunland Park,NM,88063,April,2026,Astro Buds Dispensary & Lounge
ASTRO BUDS LLC - MCCOMBS RD RETAIL,"$157,266.14","$147,904.54","$9,361.60",308 McCombs Rd Spc 2,Chaparral,NM,88081,April,2026,Astro Buds Dispensary
BESOS LLC/ RETAIL FUTURITY DR,"$47,952.72","$46,824.35","$1,128.37",1805 Futurity Dr,Sunland Park,NM,88603,April,2026,Besos
BLUE WHALE SUNLAND - APPALOOSA ST RETAIL,"$748,086.17","$700,529.11","$47,557.06",1500 Appaloosa St Suite B,Sunland Park,NM,88063,April,2026,Cookies
"CHADCOR HOLDINGS NM, LLC","$1,009,100.94","$972,335.64","$36,765.30",1615 Appaloosa Dr,Sunland Park,NM,88063,April,2026,Dark Matter
CHADCOR HOLDINGS NM- RETAIL,"$307,492.77","$294,210.73","$13,282.04",1621 Appaloosa Dr,Sunland Park,NM,88063,April,2026,Cardiel
DIABLO BUDS GROW 1 LLC - APPALOOSA STE 6,"$10,877.89","$10,776.89",$101.00,1925 Appaloosa Ste 6,Sunland Park,NM,88063,April,2026,Black Sheep
DISPENSARY NEAR ME SUNLAND PARK LLC- MCNUTT RETAIL/CONSUMPTION,"$66,145.04","$61,671.53","$4,473.51",1290 McNutt Rd,Sunland Park,NM,88063,April,2026,Dispensary Near Me
ELEVATED SOCIETY LLC/ RETAIL APPALOOSA DR,"$3,873.84","$3,816.10",$57.74,1920 Appaloosa Dr,Sunland Park,NM,88063,April,2026,Hii Experience
FIELDS OF DREAMS - SUNLAND PARK RETAIL,"$1,181,559.30","$1,170,217.42","$11,341.88",159 Sunland Park Dr,Sunland Park,NM,88063,April,2026,Field of Dreams
FRESHIES LLC/ RETAIL MCNUTT RD,"$49,253.79","$44,176.04","$5,077.75",5325 McNutt Rd,Santa Teresa,NM,88008,April,2026,Public Affair
GANJIKA GARDENS LLC/ RETAIL RILEY WAY,"$18,020.33","$17,043.90",$976.43,1245 Riley Way,Chaparral,NM,88081,April,2026,Ganjika Gardens
GARDEN OF DREAMS CANNABIS LLC,"$32,358.07","$29,628.47","$2,729.60",5300 Mcnutt Rd,Santa Teresa,NM,88008,April,2026,Garden of Dreams
GARDEN OF DREAMS CANNABIS LLC- MCNUTT MANUFACTURER,$28.06,,$28.06,5300 McNutt Suite 12,Santa Teresa,NM,88008,April,2026,Garden of Dreams
"GREEN THERAPY DISPENSARY, LLC","$525,637.00","$495,656.00","$29,981.00","460 County Line Drive, Space F",Chaparral,NM,88081,April,2026,Green Therapy
GROTH INDUSTRIES LLC - SCHNEBERGER DR RETIAL,"$35,087.77","$32,203.30","$2,884.47",140 Schneberger Dr,Chaparral,NM,88081,April,2026,Groth
HEAVENLY SCENT - ANTHONY DR - RETAIL,"$8,150.27","$7,127.33","$1,022.94",138 Anthony Dr.,Anthony,NM,88021,April,2026,Calidad Cannabis
HI LIFE DISPENSARY LLC - MCNUTT RD - RETAIL,"$83,591.50","$67,037.07","$16,554.43",5620 McNutt Rd,Santa Teresa,NM,88008,April,2026,Hi Life
HOUSE OF FLOWERS ON THE BORDER LLC - RETAIL,"$92,675.79","$85,550.18","$7,125.61",1042 State Line,Chapparal,NM,88081,April,2026,House of Flowers
J AND J LOAN COMPANY- MCNUTT RETAIL,"$38,838.52","$38,545.24",$293.28,1144 McNutt,Sunland Park,NM,88063,April,2026,Empire Garden
LEAFORO LLC- 5305 MCNUTT RETAIL,"$2,181.46","$2,181.46",,5305 McNutt Road,Santa Teresa,NM,88008,April,2026,St. Canapa
MCMC - MILLER - RETAILER,"$29,690.65","$26,848.17","$2,842.48",103 Miller Street,Anthony,NM,88021,April,2026,Milla Cero
NEBRO 2 LLC-  FUTURITY DRIVE RETAIL,"$72,723.20","$71,186.70","$1,536.50",1999 Futurity Drive,Sunland Park,NM,88063,April,2026,Elevation 3789
NEWBERRY FARMS LLC - MCNUTT RD. RETAIL,"$11,012.62","$10,636.75",$375.87,1845 McNutt Rd,Sunland Park,NM,88063,April,2026,Sun City Grow Stand
NEW MEXICO TOP ORGANICS ULTRA HEALTH INC  SUNLAND PARK RETAIL,"$28,454.16","$23,962.21","$4,491.95",1155 McNutt Road,Sunland Park,NM,88063,April,2026,Ultra Health
NUVES LLC - RANCH ROAD RETAIL,"$20,815.18","$20,667.68",$147.50,101 Maguey Suite 4,Sunland Park,NM,88063,April,2026,Greens
OBI WAN CANNABIS LLC,"$19,496.98","$17,701.02","$1,795.96",2167 McNutt Rd suite A,Sunland Park,NM,88063,April,2026,Obi Wan Cannabis
OLD GODS CANNABIS INC/ RETAIL APPALOOSA UNIT7,"$137,577.37","$133,630.37","$3,947.00",1541 Appaloosa Unit 7,Sunland Park,NM,88063,April,2026,Old Gods
PECOS VALLEY PRODUCTION INC - APPALOOSA DR RETAIL,"$26,698.22","$25,105.62","$1,592.60",1925 Appaloosa Dr,Sunland Park,NM,88063,April,2026,Pecos Valley Production
PROHIBITION 37 - MCNUTT RD RETAIL,"$116,116.90","$104,804.82","$11,312.08",871 McNutt Rd,Sunland Park,NM,88063,April,2026,Prohibition 37
"RMC NM, INC - ANTHONY RETAIL","$74,395.89","$62,523.76","$11,872.13",816 Anthony Dr,Anthony,NM,88021,April,2026,Rocky Mountain Cannabis
"ROUND HOUSE RESERVE, LLC - MCNUTT DR RETAIL","$9,488.56","$8,763.07",$725.49,1165 McNutt Dr Unit C5,Sunland Park,NM,88063,April,2026,Round House Reserve
R R HEMPIRE LLC - ANGELINA BLVD RETAIL,$682.74,$682.73,$0.01,101 Angelina Blvd,Chaparral,NM,88081,April,2026,Richy Rich
SCORE 420 - MCNUTT RETAIL,"$34,290.45","$30,735.33","$3,555.12",2355 McNutt Road,Sunland Park,NM,88063,April,2026,Score 420
STATELINE CANNABIS NM LLC - ARCH ANGEL WAY RETAILER/CONSUMPTION,"$231,206.60","$228,689.56","$2,517.04",100 Arch Angel Way,Chaparral,NM,88081,April,2026,High Valley Cannabis
STATELINE CANNABIS NM LLC- STEPHANIE RETAIL,"$34,552.25","$33,501.40","$1,050.85",101 Stephanie,Chaparral,NM,88081,April,2026,Stateline Cannabis
SUNLAND MCNUTT GROUP LLC- MCNUTT RD RETAIL,"$1,392,761.93","$1,336,690.03","$56,071.90",1051 McNutt Rd,Sunland Park,NM,88063,April,2026,Mango Cannabis
SUNSHINE ESSENTIALS/ RETAIL MCNUTT,"$4,586.25","$3,883.39",$702.86,267 Anapra Rd,Sunland Park,NM,88063,April,2026,Sunshine Essentials
TOKE IT UP DISPENSARY AND LOUNGE LLC- FUTURITY DRIVE RETAIL,"$20,803.73","$19,599.22","$1,204.51",1999 Futurity Drive,Sunland Park,NM,88063,April,2026,Toke It Up
TOP OF THE 8TH LLC - ANTHONY DRIVE RETAIL,"$76,373.75","$64,237.26","$12,136.49",401 Anthony Dr Ste B,Anthony,NM,88021,April,2026,Top of the Eighth
URBAN WELLNESS - APPALOOSA DR RETAILER,"$108,952.48","$102,279.52","$6,672.96",1500 Appaloosa Dr Bldg A Ste 140,Sunland Park,NM,88063,April,2026,Urban Wellness
VIREO HEALTH OF LC - APPALOOSA - RETAILER,"$69,125.07","$63,254.48","$5,870.59","1580 Appaloosa Dr., Suite 320",Sunland Park,NM,88063,April,2026,Everest
VIREO OF SANTA FE - APPALOOSA - RETAIL,"$89,355.87","$83,423.18","$5,932.69","1541 Appaloosa Dr., Unit 2",Sunland Park,NM,88063,April,2026,Everyday Weed
575 CANNABIS LLC- RETAIL 305 S COUNTY LINE,"$1,256.00",$416.00,$840.00,305 S County Line Dr,Chaparral,NM,88081,May,2026,Uforia
APOGEE THERAPEUTICS LLC - RETAIL,"$40,604.64","$37,238.53","$3,366.11",1769 Victory Ln,Sunland Park,NM,88063,May,2026,Apogee
AREA 54 DISPENSARY LLC- ANGELINA BLVD RETAIL,"$34,476.84","$28,887.36","$5,589.48",764 Angelina blvd,Chaparral,NM,88081,May,2026,Area 54
ASTRO BUDS LLC - APPALOOSA DRIVE CONSUMPTION / RETAIL,"$265,906.54","$256,712.60","$9,193.94",1650 Appaloosa Drive,Sunland Park,NM,88063,May,2026,Astro Buds Dispensary & Lounge
ASTRO BUDS LLC - MCCOMBS RD RETAIL,"$166,492.72","$159,557.85","$6,934.87",308 McCombs Rd Spc 2,Chaparral,NM,88081,May,2026,Astro Buds Dispensary
BESOS LLC/ RETAIL FUTURITY DR,"$31,425.38","$30,695.51",$729.87,1805 Futurity Dr,Sunland Park,NM,88063,May,2026,Besos
BLUE WHALE SUNLAND - APPALOOSA ST RETAIL,"$792,471.28","$736,024.68","$56,446.60",1500 Appaloosa St Suite B,Sunland Park,NM,88063,May,2026,Cookies
"CHADCOR HOLDINGS NM, LLC","$939,909.25","$907,075.90","$32,833.35",1615 Appaloosa Dr,Sunland Park,NM,88063,May,2026,Dark Matter
CHADCOR HOLDINGS NM- RETAIL,"$291,296.87","$280,219.15","$11,077.72",1621 Appaloosa Dr,Sunland Park,NM,88063,May,2026,Cardiel
COUTH FARMS LLC - ANTHONY DR RETAIL,$17.26,$17.26,,132 Anthony Dr,Anthony,NM,88021,May,2026,Couth 
DIABLO BUDS GROW 1 LLC - APPALOOSA STE 6,"$10,707.23","$10,637.07",$70.16,1925 Appaloosa Ste 6,Sunland Park,NM,88063,May,2026,Black Sheep
DISPENSARY NEAR ME SUNLAND PARK LLC- MCNUTT RETAIL/CONSUMPTION,"$71,853.53","$68,362.89","$3,490.64",1290 McNutt Rd,Sunland Park,NM,88063,May,2026,Dispensary Near Me
ELEVATED SOCIETY LLC/ RETAIL APPALOOSA DR,"$11,623.47","$11,283.29",$340.18,1920 Appaloosa Dr,Sunland Park,NM,88063,May,2026,Hii Experience
FIELDS OF DREAMS - SUNLAND PARK RETAIL,"$1,241,104.47","$1,227,033.25","$14,071.22",159 Sunland Park Dr,Sunland Park,NM,88063,May,2026,Field of Dreams
FRESHIES LLC/ RETAIL MCNUTT RD,"$51,098.92","$46,783.49","$4,315.43",5325 McNutt Rd,Santa Teresa,NM,88008,May,2026,Public Affair
GANJIKA GARDENS LLC/ RETAIL RILEY WAY,"$17,233.07","$16,527.75",$705.32,1245 Riley Way,Chaparral,NM,88081,May,2026,Ganjika Gardens
GARDEN OF DREAMS CANNABIS LLC,"$34,797.01","$32,459.06","$2,337.95",5300 Mcnutt Rd,Santa Teresa,NM,88008,May,2026,Garden of Dreams
GARDEN OF DREAMS CANNABIS LLC- MCNUTT MANUFACTURER,$16.55,,$16.55,5300 McNutt Suite 12,Santa Teresa,NM,88008,May,2026,Garden of Dreams
"GREEN THERAPY DISPENSARY, LLC","$519,514.00","$491,204.00","$28,310.00","460 County Line Drive, Space F",Chaparral,NM,88081,May,2026,Green Therapy
GROTH INDUSTRIES LLC - SCHNEBERGER DR RETIAL,"$31,983.81","$29,909.31","$2,074.50",140 Schneberger Dr,Chaparral,NM,88081,May,2026,Groth
HEAVENLY SCENT - ANTHONY DR - RETAIL,"$22,629.91","$19,911.77","$2,718.14",138 Anthony Dr.,Anthony,NM,88021,May,2026,Calidad Cannabis
HI LIFE DISPENSARY LLC - MCNUTT RD - RETAIL,"$87,101.81","$68,729.94","$18,371.87",5620 McNutt Rd,Santa Teresa,NM,88008,May,2026,Hi Life
HOUSE OF FLOWERS ON THE BORDER LLC - RETAIL,"$101,777.68","$94,693.02","$7,084.66",1042 State Line,Chaparral,NM,88081,May,2026,House of Flowers
J AND J LOAN COMPANY- MCNUTT RETAIL,"$40,356.67","$40,133.56",$223.11,1144 McNutt,Sunland Park,NM,88063,May,2026,Empire Garden
LEAFORO LLC- 5305 MCNUTT RETAIL,"$3,358.09","$3,358.09",,5305 McNutt Road,Santa Teresa,NM,88008,May,2026,St. Canapa
MCMC - MILLER - RETAILER,"$27,567.90","$25,283.44","$2,284.46",103 Miller Street,Anthony,NM,88021,May,2026,Milla Cero
NEBRO 2 LLC-  FUTURITY DRIVE RETAIL,"$66,510.23","$65,475.22","$1,035.01",1999 Futurity Drive,Sunland Park,NM,88063,May,2026,Elevation 3789
NEWBERRY FARMS LLC - MCNUTT RD. RETAIL,"$9,540.71","$9,074.23",$466.48,1845 McNutt Rd,Sunland Park,NM,88063,May,2026,Sun City Grow Stand
NEW MEXICO TOP ORGANICS ULTRA HEALTH INC  SUNLAND PARK RETAIL,"$26,916.44","$23,104.24","$3,812.20",1155 McNutt Road,Sunland Park,NM,88063,May,2026,Ultra Health
NUVES LLC - RANCH ROAD RETAIL,"$19,649.49","$19,624.49",$25.00,101 Maguey Suite 4,Sunland Park,NM,88063,May,2026,Greens
OBI WAN CANNABIS LLC,"$21,853.97","$19,600.92","$2,253.05",2167 McNutt Rd suite A,Sunland Park,NM,88063,May,2026,Obi Wan Cannabis
OLD GODS CANNABIS INC/ RETAIL APPALOOSA UNIT7,"$130,850.84","$128,540.86","$2,309.98",1541 Appaloosa Unit 7,Sunland Park,NM,88063,May,2026,Old Gods
PECOS VALLEY PRODUCTION INC - APPALOOSA DR RETAIL,"$22,074.59","$20,209.73","$1,864.86",1925 Appaloosa Dr,Sunland Park,NM,88063,May,2026,Pecos Valley Production
PROHIBITION 37 - MCNUTT RD RETAIL,"$112,274.18","$99,514.13","$12,760.05",871 McNutt Rd,Sunland Park,NM,88063,May,2026,Prohibition 37
"RMC NM, INC - ANTHONY RETAIL","$62,334.36","$54,282.61","$8,051.75",816 Anthony Dr,Anthony,NM,88021,May,2026,Rocky Mountain Cannabis
"ROUND HOUSE RESERVE, LLC - MCNUTT DR RETAIL","$8,073.99","$7,256.10",$817.89,1165 McNutt Dr Unit C5,Sunland Park,NM,88063,May,2026,Round House Reserve
R R HEMPIRE LLC - MCCOMBS RETAIL,"$2,458.05","$2,349.77",$108.28,100 Mccombs,Chaparral,NM,88081,May,2026,Richy Rich
SCORE 420 - MCNUTT RETAIL,"$31,587.35","$29,988.09","$1,599.26",2355 McNutt Road,Sunland Park,NM,88063,May,2026,Score 420
STATELINE CANNABIS NM LLC - ARCH ANGEL WAY RETAILER/CONSUMPTION,"$233,732.41","$230,975.12","$2,757.29",100 Arch Angel Way,Chaparral,NM,88081,May,2026,High Valley Cannabis
STATELINE CANNABIS NM LLC- STEPHANIE RETAIL,"$45,122.29","$43,254.49","$1,867.80",101 Stephanie,Chaparral,NM,88081,May,2026,Stateline Cannabis
SUNLAND MCNUTT GROUP LLC- MCNUTT RD RETAIL,"$1,317,467.37","$1,268,506.52","$48,960.86",1051 McNutt Rd,Sunland Park,NM,88063,May,2026,Mango Cannabis
SUNSHINE ESSENTIALS/ RETAIL MCNUTT,"$3,577.69","$3,168.44",$409.25,267 Anapra Rd,Sunland Park,NM,88063,May,2026,Sunshine Essentials
TOKE IT UP DISPENSARY AND LOUNGE LLC- FUTURITY DRIVE RETAIL,"$16,712.80","$16,378.18",$334.62,1999 Futurity Drive,Sunland Park,NM,88063,May,2026,Toke It Up
TOP OF THE 8TH LLC - ANTHONY DRIVE RETAIL,"$71,664.50","$60,321.09","$11,343.41",401 Anthony Dr Ste B,Anthony,NM,88021,May,2026,Top of the Eighth
URBAN WELLNESS - APPALOOSA DR RETAILER,"$110,312.83","$102,763.77","$7,549.06",1500 Appaloosa Dr Bldg A Ste 140,Sunland Park,NM,88063,May,2026,Urban Wellness
VIREO HEALTH OF LC - APPALOOSA - RETAILER,"$69,392.64","$65,653.90","$3,738.74","1580 Appaloosa Dr., Suite 320",Sunland Park,NM,88063,May,2026,Everest
VIREO OF SANTA FE - APPALOOSA - RETAIL,"$82,127.83","$78,015.99","$4,111.84","1541 Appaloosa Dr., Unit 2",Sunland Park,NM,88063,May,2026,Everyday Weed